z (m), u (m/s), V (1/s), T (K), rho (kg/m3), H2, H, O, O2, OH, H2O, HO2, H2O2, N, NH, NH2, NH3, NNH, NO, NO2, N2O, HNO, N2, 
0.0, 2.3396229123842502, -2.6524196452295169e-215, 300.0, 0.84946275071867772, 0.29585798816577469, -5.9490084168437725e-15, 6.3377004943602215e-15, 0.1479289940828252, -7.9080017783514286e-15, -2.0312420486023223e-16, -2.4810144388773858e-16, -1.9695563066406991e-16, 4.9883235500984009e-15, -1.0330241745511354e-14, 4.1595643847787112e-15, -3.5649360977596309e-15, -1.0040494568962307e-29, -1.3403130152591123e-15, 1.0240224385425664e-15, -3.3560547269960116e-16, -3.4055213436064105e-15, 0.55621301775141718, 
0.001, 2.3396229124007708, 9.4435719687417377e-214, 299.99999999973477, 0.84946275071941069, 0.29585798816578368, -1.0272349597368587e-17, 6.711180408215843e-15, 0.14792899408285332, -8.6585305758111127e-16, -1.6734056106333133e-14, -2.2350495276184002e-14, -2.5307334102688305e-16, 4.4322209009376352e-15, -6.7826590890335064e-16, 3.9681387407912875e-15, -3.3734359351985194e-15, -9.1800452384318362e-28, -1.0458269416634276e-14, 1.0240239040310551e-15, -3.3560524431179692e-16, -3.4067981088511771e-15, 0.55621301775140541, 
0.0057499999999999999, 2.3396229124004004, 1.0170429050150179e-213, 299.99999999974239, 0.84946275071939004, 0.29585798816578285, 1.0326772594312258e-19, 7.4269019716344351e-15, 0.14792899408285118, -6.5785050054697419e-18, -1.7324225369139265e-14, -2.0802802836202967e-14, -4.8851467856257786e-16, 2.7762275253709569e-15, -9.8638813996465353e-18, 3.2280812566016262e-15, -2.6332053888795577e-15, 9.2274914432564472e-30, -9.471188893458136e-15, 1.0240288802400239e-15, -3.3560523213087992e-16, -3.406711483903013e-15, 0.55621301775140597, 
0.010500000000000001, 2.3396229123991334, 1.03421693683731e-213, 299.99999999976546, 0.84946275071932742, 0.29585798816578057, 2.3890120998085526e-19, 7.5142803711820136e-15, 0.14792899408284796, 1.0062724501554211e-17, -1.6403228107417988e-14, -1.7899357459800387e-14, -7.0466165336651637e-16, 1.7389049305327484e-15, -1.4394573692064117e-19, 2.6260265336139375e-15, -2.0310109811186762e-15, 2.1349929056239742e-29, -8.4434210317701306e-15, 1.0240321870196768e-15, -3.3560523197138482e-16, -3.4065339048735963e-15, 0.55621301775140786, 
0.01525, 2.3396229123978545, 1.034403147952171e-213, 299.99999999978598, 0.84946275071934629, 0.29585798816571013, 2.2407272946252637e-19, 7.2483417829437144e-15, 0.14792899408285998, 9.9849612816736802e-18, -1.5490290640828759e-14, -1.5187541171768742e-14, -9.0223980872067615e-16, 1.0891402906511616e-15, -2.6085429340408575e-21, 2.1362437811681664e-15, -1.54111530444153e-15, 2.0024763691763364e-29, -7.7937533380274441e-15, 1.0240345062471051e-15, -3.3560523194610572e-16, -3.4063547677789185e-15, 0.55621301775146303, 
0.02, 2.339622912371166, 1.0344344638604698e-213, 299.99999999984516, 0.84946275072914168, 0.29585798815657882, 2.0427162305399058e-19, 6.7973770211934603e-15, 0.14792899408482996, 9.3707165793766335e-18, -1.462939716340297e-14, -1.2715221032892836e-14, -1.0823850854613986e-15, 6.8199004335600348e-16, -5.5391163516850562e-22, 1.7376633999617498e-15, -1.1424990195069419e-15, 1.8255192323112386e-29, -7.3867150365138773e-15, 1.0240362398126393e-15, -3.3560523189006494e-16, -3.4061758531787166e-15, 0.55621301775862164, 
0.020961165881241427, 2.3396229119350767, 1.0344343809910897e-213, 300.00000000106633, 0.84946275088896239, 0.29585798800692759, 2.0050767439262372e-19, 6.7131085030032576e-15, 0.14792899411717278, 9.2551213351917625e-18, -1.4250099426629616e-14, -1.2211718644618185e-14, -1.1165525727351937e-15, 6.0855557293771109e-16, -5.2569696090796475e-22, 1.6606269426164395e-15, -1.0654417823946933e-15, 1.7918818402591545e-29, -7.3132810060518239e-15, 1.024036570625984e-15, -3.3560523195085116e-16, -3.4061396625542936e-15, 0.55621301787592925, 
0.021922331762482854, 2.3396228997109145, 1.0344339685749088e-213, 300.00000006130074, 0.84946275529760107, 0.29585798380992429, 2.1519105927725307e-19, 7.3817315290091527e-15, 0.14792899502432239, 1.017909692442287e-17, 2.2500297614362077e-15, -1.0645886086899608e-14, -1.0150240022393074e-15, 5.4299844862929534e-16, -5.2382746915247608e-22, 1.5869875124292465e-15, -9.9178852123073992e-16, 1.9231033229720147e-29, -7.2477356467178429e-15, 1.0240369824663877e-15, -3.3560523362978235e-16, -3.4061035010728789e-15, 0.5562130211657641, 
0.022402914703103568, 2.3396227726649941, 1.0344337497556147e-213, 300.00000118604976, 0.84946280089465775, 0.29585793909934605, 6.2486915708826104e-19, 2.3986540894747668e-14, 0.14792900468755002, 3.3636148315544939e-17, 4.8427119254211022e-13, 2.335907019595423e-14, 3.4048980965357096e-15, 5.1210649738814336e-16, -5.23598779013755e-22, 1.5510121987473874e-15, -9.5580308508487365e-16, 5.5842816489273614e-29, -7.2168028134838396e-15, 1.0240407246308074e-15, -3.3560524694119673e-16, -3.4060853278219785e-15, 0.55621305621257766, 
0.022883497643724281, 2.3396210213725865, 1.0344335495442068e-213, 300.00002956560894, 0.84946342952461806, 0.29585728927529414, 1.3841476276787742e-17, 5.0316321752027332e-13, 0.14792914511497024, 8.6072883552375315e-16, 1.9621108282570331e-11, 1.4691123677076183e-12, 1.9706716111761811e-13, 4.8308955233745975e-16, -5.0924759419802496e-22, 1.5158507329123946e-15, -9.2062764921249984e-16, 1.2369863604082132e-27, -7.1859370732090545e-15, 1.0242228028571846e-15, -3.356051557301473e-16, -3.4060575494297976e-15, 0.5562135655879531, 
0.023123789114034638, 2.3396121786144639, 1.0344334416644382e-213, 300.0003016405355, 0.84946660941940633, 0.29585366854233136, 3.0765757516567188e-16, 5.7325991604128819e-12, 0.14792992740341182, 2.6182856963585315e-14, 3.0698588398774906e-10, 2.4935187354095212e-11, 3.3914332528481303e-12, 4.7068063725581035e-16, 4.4944419938280048e-22, 1.4985438089728924e-15, -9.0324135754724174e-16, 2.7496062001402029e-26, -7.1433443140294185e-15, 1.0277314033685082e-15, -3.3559857159098792e-16, -3.4058615131986478e-15, 0.55621640371319392, 
0.023364080584344995, 2.3395551737692721, 1.0344337316666654e-213, 300.0038702558104, 0.84948714855308205, 0.29582557931028791, 1.5550291641119771e-14, 8.311326777311476e-11, 0.14793599408117225, 1.5902824465540223e-12, 6.1562892505830203e-09, 5.4218869350473936e-10, 7.4702991979165769e-11, 4.8617851054817463e-16, 5.6546284164854163e-20, 1.4823385444662139e-15, -8.8593786910152435e-16, 1.3900626763146393e-24, -6.4919143488591906e-15, 1.1192149094294542e-15, -3.3537352723780681e-16, -3.4014813446997552e-15, 0.55623841975064781, 
0.023484226319500173, 2.3394388857640571, 1.0344346197730129e-213, 300.0218697750098, 0.84952910178599739, 0.29574039050361206, 4.3352194364838837e-13, 5.2211629784157229e-10, 0.14795437795294014, 4.6429220188685717e-11, 5.1498639450864511e-08, 4.8457131156841645e-09, 6.8057065325298905e-10, 6.6800126480342876e-16, 1.3185282071376572e-18, 1.479110674015981e-15, -8.7636083591226799e-16, 3.8786945240007201e-23, -1.0473162184763098e-15, 2.0255439090230169e-15, -3.3280178031073515e-16, -3.3639428779764486e-15, 0.55630517394954693, 
0.023604372054655352, 2.3393093361619677, 1.0344363895574032e-213, 300.14894049184716, 0.84957565097346321, 0.29536769211590769, 1.0612066274268852e-11, 3.9797161705984777e-09, 0.14803465800852192, 1.1443507563491825e-09, 5.3462439962569734e-07, 5.3523714149806603e-08, 7.743330702273514e-09, 2.3247920485368414e-15, 2.5666896823012745e-17, 1.511024344076253e-15, -8.561165091828202e-16, 9.5503956637554401e-22, 6.2620434859823866e-14, 1.4290798225466736e-14, -2.938879536911634e-16, -2.9247727142365734e-15, 0.55659704884937022, 
0.023664444922232943, 2.3400828090854375, 1.0344362677874623e-213, 300.50123905570285, 0.84929487072087306, 0.29471019675078469, 1.0812880689164297e-10, 1.4635213575941996e-08, 0.14817570487623724, 1.1476711804963563e-08, 2.5179180890123463e-06, 2.6008438630081646e-07, 3.9431223453582423e-08, 8.025611606772929e-15, 2.0587653436387007e-16, 1.6280526311069141e-15, -8.0189643008087395e-16, 9.8853734699210751e-21, 3.4990895940532253e-13, 7.7856633489535172e-14, -7.0047936249357178e-17, -9.505624243736022e-16, 0.55711125471878931, 
0.023694481356021736, 2.342345195280199, 1.0344357981002548e-213, 301.07755588710955, 0.84847521365715051, 0.29396680649686641, 4.6320136252456156e-10, 3.3740315499492901e-08, 0.14833399244122822, 4.7621178198935413e-08, 7.0718061280974376e-06, 7.4525040688998469e-07, 1.1814938269724734e-07, 1.9157811425199509e-14, 7.3333565585810819e-16, 1.8376867083818036e-15, -6.813788659284919e-16, 4.3428990284823642e-20, 1.0696557816037123e-12, 2.5754125328929365e-13, 6.2727047129335782e-16, 3.9730482675272173e-15, 0.55769118402993978, 
0.02372451778981053, 2.3495300476880701, 1.0344349379739178e-213, 302.5257328270589, 0.8458824218632125, 0.29260261196206833, 2.0102156914788866e-09, 8.5792359397772995e-08, 0.14862081422966883, 1.9548035423278635e-07, 2.2471637003120549e-05, 2.4309369857648759e-06, 4.0349105925266993e-07, 5.1659048058016654e-14, 2.6292826445534072e-15, 2.3969086987725624e-15, -2.6770653768793699e-16, 2.0060111036520251e-19, 3.707009565458681e-12, 9.8974967839972071e-13, 3.7425004071344678e-15, 2.1923116266996692e-14, 0.55875098445550664, 
0.023739536006704927, 2.3582082884490068, 1.0344359191808356e-213, 304.06896124007562, 0.84277132655252884, 0.29149539135263008, 5.0716282982939388e-09, 1.4630659227162421e-07, 0.14884892816116393, 4.4501309132634012e-07, 4.3819894404148049e-05, 4.8223323726561131e-06, 8.2192565763749555e-07, 9.1242029439126029e-14, 5.417459404633692e-15, 3.023563895005968e-15, 3.1864792664390023e-16, 5.4029605889119163e-19, 7.6635375254968755e-12, 2.1802310609768274e-12, 9.3308166000736854e-15, 4.8641941776572282e-14, 0.55960561993245794, 
0.023754554223599324, 2.3744974597446986, 1.034436302563841e-213, 306.77030948347146, 0.83699243433871395, 0.2899361748478676, 1.4251562722085192e-08, 2.6061105612765313e-07, 0.14916135957660601, 1.0370066451014064e-06, 9.0079452041300987e-05, 1.015730289221993e-05, 1.7700018754254112e-06, 1.6826374050841216e-13, 1.1377797674994652e-14, 4.1610484546853442e-15, 1.6155594621431803e-15, 1.6987603073572788e-18, 1.6854977747769031e-11, 5.1250224038041286e-12, 2.4455882890825422e-14, 1.1020216911397201e-13, 0.56079914692715349, 
0.023762063332046522, 2.387761601297393, 1.0344362879925508e-213, 308.87616428625483, 0.83234450668220916, 0.28891860666425834, 2.8780023639762653e-08, 3.5791026490366214e-07, 0.14935796857573241, 1.6516083996621759e-06, 0.00013327774176212091, 1.5286255460110164e-05, 2.680730164691963e-06, 2.341297849935279e-13, 1.6891389276963981e-14, 5.0770068429784254e-15, 2.8500678744673652e-15, 3.7386111205051542e-18, 2.6037624406186316e-11, 8.1650744858049759e-12, 4.1645794538417275e-14, 1.7098646259749926e-13, 0.56157014169925989, 
0.023769572440493721, 2.4064197013683719, 1.0344360424667194e-213, 311.76053838504896, 0.82589273930535623, 0.28769958794359635, 6.3395795801247526e-08, 5.0103036423621703e-07, 0.14958426859105325, 2.6760763595932962e-06, 0.00020103006061336577, 2.3539357971668793e-05, 4.1381448230193419e-06, 3.3074382644386102e-13, 2.53118007139823e-14, 6.3592013687676567e-15, 4.8162220708654479e-15, 9.2443762007923215e-18, 4.126305805452559e-11, 1.331588061618967e-11, 7.3226699200538705e-14, 2.707155805586521e-13, 0.56248419534413263, 
0.023777081548940919, 2.4324718700011529, 1.0344357787972941e-213, 315.69946033112092, 0.81704919227064876, 0.28624453526978472, 1.550650141004968e-07, 7.1440507422209964e-07, 0.14983981653252015, 4.4071894010631877e-06, 0.00030654089958036111, 3.6713490419600518e-05, 6.434590434068979e-06, 4.721026491253086e-13, 3.8118262607525629e-14, 8.147369022903998e-15, 7.9281195864816946e-15, 2.6366392913842994e-17, 6.6473551680664559e-11, 2.1877393703028406e-11, 1.308781822833645e-13, 4.3351974483957514e-13, 0.56356068246833013, 
0.023780836103164518, 2.4492692334176893, 1.0344356940169973e-213, 318.20242966852879, 0.81144672330788681, 0.28541040464446571, 2.6351479441052567e-07, 8.6356055914850261e-07, 0.14997773817346324, 5.7508357183827677e-06, 0.00038120060760025445, 4.6186157219937815e-05, 8.0569729392198028e-06, 5.6764586293828995e-13, 4.7046346116673488e-14, 9.3077523802133768e-15, 1.0162028297667613e-14, 4.9294491117284754e-17, 8.536836957071066e-11, 2.816878037683267e-11, 1.7749974238482158e-13, 5.5355076267950742e-13, 0.56416953541833736, 
0.023784590657388117, 2.4692518850412069, 1.0344356106024452e-213, 321.15210974255547, 0.80488091933849215, 0.28449836802725997, 4.4910549035454398e-07, 1.0520870522695846e-06, 0.15012041589259376, 7.565851428237781e-06, 0.00047601942244003195, 5.8326508082100213e-05, 1.0111277104188794e-05, 6.8517816894269256e-13, 5.8217131034267836e-14, 1.0692851173039105e-14, 1.3030155902734576e-14, 9.3813476519246651e-17, 1.1044541779070623e-10, 3.6366290843048609e-11, 2.4297116026964272e-13, 7.1080967291804657e-13, 0.56482769168001634, 
0.023788345211611717, 2.49295292373229, 1.0344356193277813e-213, 324.62129673016591, 0.79722957347148171, 0.2835028962659823, 7.7012146182598499e-07, 1.2921178169675081e-06, 0.1502658997975343, 1.0033327838625422e-05, 0.00059596903203762831, 7.3741841022550997e-05, 1.2687386603698396e-05, 8.2967609534315412e-13, 7.2180045044035036e-14, 1.2343291573444244e-14, 1.6700386829365218e-14, 1.8263689739940622e-16, 1.4370884330190515e-10, 4.691425281925707e-11, 3.3459199251910419e-13, 9.1626452931549007e-13, 0.56553670991689708, 
0.023792099765835316, 2.5209699757551438, 1.034435628551259e-213, 328.69158553745535, 0.78837020003307012, 0.28241852694387432, 1.3247164227780193e-06, 1.6002313255893242e-06, 0.15041158542178584, 1.3410888538008612e-05, 0.00074701695930595518, 9.3084598711813029e-05, 1.5879915664014133e-05, 1.0072646164295127e-12, 8.9623274073808406e-14, 1.4306097314669951e-14, 2.1379310105766003e-14, 3.6321774996516605e-16, 1.8780452974968729e-10, 6.0275334057007225e-11, 4.6229225608575238e-13, 1.1837984626743142e-12, 0.56629757007351278, 
0.023795854320058915, 2.553962366950707, 1.0344356088484859e-213, 333.45303933490936, 0.77818649996841216, 0.28123998877991391, 2.2754328090373272e-06, 1.9991911152256342e-06, 0.15055415605270245, 1.8064523481401397e-05, 0.00093621720247004912, 0.00011698987526954128, 1.9780580397354716e-05, 1.2255310574686026e-12, 1.1141540611721205e-13, 1.6635461304835931e-14, 2.7318659117847119e-14, 7.354474832484172e-16, 2.4621601406583214e-10, 7.6872644384889882e-11, 6.3946846179804286e-13, 1.5308011238496135e-12, 0.56711052803520046, 
0.023797731597170715, 2.5725956154057701, 1.0344355968979562e-213, 336.13084256592595, 0.77255030828873861, 0.28061071270506865, 3.0019197445093587e-06, 2.2456782811424462e-06, 0.15062303483086001, 2.1078450947800264e-05, 0.001048772136594635, 0.00013091454939124977, 2.2036593426681151e-05, 1.3541024440456614e-12, 1.2442160833084587e-13, 1.7967293324873393e-14, 3.0893121624363472e-14, 1.0621448412353126e-15, 2.8268588862713178e-10, 8.6542351002974631e-11, 7.5392813839064515e-13, 1.7432289499422557e-12, 0.5675382027624315, 
0.023799608874282514, 2.5928147398074906, 1.0344355846943771e-213, 339.02803037320336, 0.76652600657307113, 0.27995511093707931, 3.9454005385524107e-06, 2.5296742822011159e-06, 0.15068911332621299, 2.4653518116221306e-05, 0.0011750440049465003, 0.00014625955140207012, 2.4514598807400613e-05, 1.4975480169217278e-12, 1.3904710562052113e-13, 1.9421768266603269e-14, 3.4937058758615625e-14, 1.5367347860195528e-15, 3.2503796802597147e-10, 9.720130119704646e-11, 8.9012894951715741e-13, 1.9864616495407428e-12, 0.56797882856180648, 
0.023801486151394314, 2.6147232200907649, 1.034435561520574e-213, 342.15877184013129, 0.76010342827217792, 0.27927257909750813, 5.1669640080870476e-06, 2.8574400714575339e-06, 0.15075166536881943, 2.8894738059394028e-05, 0.0013164284921786901, 0.00016305320161239448, 2.7222334493081031e-05, 1.6576579548030974e-12, 1.5550271148616613e-13, 2.1009172478897177e-14, 3.9505357435805447e-14, 2.2282357321406842e-15, 3.7418994154202195e-10, 1.0885600840321351e-10, 1.0519341275310363e-12, 2.2645105385612965e-12, 0.56843213187501096, 
0.023803363428506114, 2.63842593321553, 1.0344355380921386e-213, 345.53740060767024, 0.75327491797625756, 0.27856257603569518, 6.7423007824892787e-06, 3.2362798930061334e-06, 0.15080991273925631, 3.392482637313152e-05, 0.0014744041306153936, 0.0001812935209521786, 3.0164666364552623e-05, 1.8364748329910277e-12, 1.7403216867593329e-13, 2.27405536614163e-14, 4.4657990495620668e-14, 3.2379595212396097e-15, 4.3119068627187931e-10, 1.2148461593518131e-10, 1.2438238492907426e-12, 2.5817842428307602e-12, 0.56889774494148582, 
0.023805240705617913, 2.6640272919942141, 1.034435507134533e-213, 349.17825642809294, 0.74603582089900544, 0.27782458931191373, 8.7644835205524197e-06, 3.6746731571679684e-06, 0.15086303762683126, 3.9885845495096348e-05, 0.0016505247580243813, 0.00020094133146901895, 3.3343030436076811e-05, 2.0363410817123962e-12, 1.9491906011747581e-13, 2.4627769461082717e-14, 5.0460250321206925e-14, 4.7146600879409783e-15, 4.9723413541159532e-10, 1.3503062591788737e-10, 1.4709773406156137e-12, 2.9430914522894495e-12, 0.56937523830016268, 
0.023807117982729713, 2.6916304866421115, 1.0344354762131406e-213, 353.09549909275336, 0.73838488842165373, 0.27705817832401741, 1.1347010011099808e-05, 4.1824040466411324e-06, 0.15091018434590575, 4.6940412016236024e-05, 0.0018464090583161458, 0.00022191380158399502, 3.6754945739539241e-05, 2.2599577446885092e-12, 2.184955391521296e-13, 2.6683562937513572e-14, 5.6982975571360646e-14, 6.876528023968626e-15, 5.7367284167109166e-10, 1.4939701884685166e-10, 1.7393623098413548e-12, 3.3536308845467825e-12, 0.5698640889676313, 
0.023808995259841512, 2.7213352657164438, 1.0344353231711517e-213, 357.3028953814628, 0.73032472409962412, 0.27626294246149663, 1.4627056462461048e-05, 4.770680173985078e-06, 0.15095047385295049, 5.5272185887287525e-05, 0.002063727011501587, 0.00024407905869637561, 4.0393645183851153e-05, 2.5104568999893484e-12, 2.4515330974701758e-13, 2.8921632922484187e-14, 6.4302742713472876e-14, 1.0043041393188643e-14, 6.6203066482431015e-10, 1.644414280776277e-10, 2.0558322050814462e-12, 3.8189649786535127e-12, 0.57036371321244161, 
0.023810872536953312, 2.7532367446970007, 1.0344351724757041e-213, 361.81358129794768, 0.72186211237787867, 0.27543855911808462, 1.8768869225962736e-05, 5.452231050897953e-06, 0.15098300816150328, 6.5085327797004375e-05, 0.0023041832615200361, 0.00026725254352906854, 4.4247862779979871e-05, 2.7914910828607423e-12, 2.753574709702336e-13, 3.1356734566532916e-14, 7.2502047413957244e-14, 1.4680803371243083e-14, 7.64013863583755e-10, 1.7997309001571445e-10, 2.4282310031583927e-12, 4.3449731732284938e-12, 0.57087344167056353, 
0.023812749814065112, 2.7874229180137533, 1.034434983195505e-213, 366.63980375284552, 0.71300833243777018, 0.27458475478219779, 2.3967181987996124e-05, 6.2413740367490019e-06, 0.15100688556481046, 7.6602566631657295e-05, 0.0025694975494572614, 0.00029119582533742645, 4.830181059903036e-05, 3.107343001952049e-12, 3.0966386749887562e-13, 3.4004781898613915e-14, 8.1669453424427966e-14, 2.1469005470197565e-14, 8.8151993080755045e-10, 1.9575239838363719e-10, 2.8655060631510567e-12, 4.937781253654395e-12, 0.57139255225631191, 
0.023814627091176911, 2.8239731464389424, 1.0344347998616683e-213, 371.79264807525101, 0.70377931637887803, 0.27370133640972821, 3.0450525702827466e-05, 7.1540361754031462e-06, 0.15102120643120603, 9.0061541830484319e-05, 0.0028613826302165343, 0.0003156184935106323, 5.2535356456033328e-05, 3.4630599033593815e-12, 3.4874080643007071e-13, 3.6882984316050592e-14, 9.1899735419339205e-14, 3.1392084954510559e-14, 1.0166434980302499e-09, 2.1149378511402296e-10, 3.3778286722712753e-12, 5.6036633326075691e-12, 0.57192025333408314, 
0.023816504368288711, 2.8629556115972679, 1.0344346995446976e-213, 377.28175988279719, 0.69419573503406173, 0.27278816587386867, 3.8484251473353703e-05, 8.2077189217300557e-06, 0.15102508743383589, 0.00010570911728257382, 0.0031815202627090422, 0.00034018359688808852, 5.6924397625386297e-05, 3.864616854926827e-12, 3.9339604189340953e-13, 4.0009993133241377e-14, 1.0329400102711151e-13, 4.586950048777151e-14, 1.1716789021609917e-09, 2.2687254310185038e-10, 3.9767229738446958e-12, 6.3489147803618451e-12, 0.57245571593407085, 
0.02381838164540051, 2.904425726858388, 1.0344346041744869e-213, 383.11507207435437, 0.68428289752404159, 0.2718451837708612, 4.8373075595121213e-05, 9.4213964075069665e-06, 0.15101766736867339, 0.00012379349441708944, 0.0035315361540862694, 0.00036451678902352176, 6.1441397162136021e-05, 4.3191142872350896e-12, 4.4461017075637788e-13, 4.3406085548877647e-14, 1.1595981964260173e-13, 6.693532803174284e-14, 1.3491192147151323e-09, 2.4153583457407352e-10, 4.6752029811383896e-12, 7.1796957792075214e-12, 0.57299806494627381, 
0.02382025892251231, 2.948423865291566, 1.0344344989337358e-213, 389.29854924354061, 0.67407053582265997, 0.27087238753938075, 6.0462914705249856e-05, 1.0815339787952165e-05, 0.15099811917178813, 0.00014455410284869036, 0.0039129748463130479, 0.00038821900444064396, 6.6056035171796335e-05, 4.8350149738568825e-12, 5.0357762796393758e-13, 4.7093366699321423e-14, 1.300113509616805e-13, 9.7483424682881854e-14, 1.5516520366328855e-09, 2.5511775124590114e-10, 5.4879186601057374e-12, 8.1018483753544547e-12, 0.5735464092195911, 
0.02382213619962411, 2.9949740488548136, 1.0344344009376675e-213, 395.83596298052856, 0.66359239734706954, 0.26986984738303255, 7.5141792286619711e-05, 1.2410867783833739e-05, 0.15096565512256746, 0.00016820950193955362, 0.004327275719287255, 0.00041088204846554505, 7.0735909005615374e-05, 5.4224266102993268e-12, 5.7175670899713042e-13, 5.1096011836278182e-14, 1.4556950021375573e-13, 1.4159702589929115e-13, 1.7821527449859948e-09, 2.6725769999203943e-10, 6.431311042096432e-12, 9.1206925835863931e-12, 0.57409983958433675, 
0.023824013476735909, 3.0440823513648798, 1.0344342500946074e-213, 402.72871126365362, 0.65288571294147157, 0.26883768855761653, 9.2839581017993059e-05, 1.4230029097867461e-05, 0.15091953643668571, 0.00019494377486893791, 0.0047757512099076433, 0.00043210611693794015, 7.5447219805151725e-05, 6.0934359133892814e-12, 6.5093007208786822e-13, 5.544053420400321e-14, 1.6276209885737101e-13, 2.0498437601696361e-13, 2.0436764606058826e-09, 2.7762089067719085e-10, 7.5237777249025486e-12, 1.0240811222567298e-11, 0.57465745472783269, 
0.023825890753847709, 3.0957362493721861, 1.0344341128084607e-213, 409.97569415501039, 0.64199050619649634, 0.26777609997459473, 0.00011402640010726757, 1.6295232763115181e-05, 0.1508590781259764, 0.00022489220027820163, 0.0052595683189169675, 0.00045151791741659643, 8.0155387836785508e-05, 6.8625009637124562e-12, 7.4327736003124405e-13, 6.0156095358367855e-14, 1.817241337981952e-13, 2.9554386357877375e-13, 2.3394503228981844e-09, 2.8591917031360661e-10, 8.7858491246291388e-12, 1.1465836087017845e-11, 0.57521836378834557, 
0.023827768030959508, 3.1499040505849334, 1.0344339870963643e-213, 417.57325521336554, 0.63094881171861417, 0.26668532105541332, 0.00013920951312042725, 1.8628849509706295e-05, 0.15078365679005781, 0.00025812720951081595, 0.0057797341795208096, 0.00046878791451403402, 8.4825563804221614e-05, 7.7469081873126952e-12, 8.5146154164453834e-13, 6.5274849237066018e-14, 2.025980262358862e-13, 4.240823635830986e-13, 2.6728679895395979e-09, 2.9193019024000843e-10, 1.0240377172883358e-11, 1.2798251266010493e-11, 0.57578170592742173, 
0.023829645308071308, 3.2065351807028191, 1.0344338755198332e-213, 425.51519469266589, 0.6198038076311484, 0.26556564421338114, 0.00016892867335735441, 2.1252816444149235e-05, 0.15069271568546566, 0.00029464582027821374, 0.0063370862300919598, 0.0004836452089951434, 8.9423025647481346e-05, 8.7673008605001516e-12, 9.7873063764919521e-13, 7.0832332727456019e-14, 2.2553397549079315e-13, 6.0520844504647355e-13, 3.0474882042284712e-09, 2.9551281568980191e-10, 1.1912737280654387e-11, 1.4239230305036153e-11, 0.57634665494653825, 
0.023831522585183108, 3.2655607984147923, 1.0344338206599915e-213, 433.7928558227444, 0.60859892607522836, 0.26441740650736417, 0.0002037499371342844, 2.4188281364665005e-05, 0.15058577118972449, 0.00033435975831770925, 0.0069322871268096293, 0.00049588877890138999, 9.3913479334769407e-05, 9.9482855296981565e-12, 1.1290363372645424e-12, 7.6867901237775826e-14, 2.5069036758663648e-13, 8.5841700191076175e-13, 3.4670390691508022e-09, 2.9661699104718795e-10, 1.3831045415037694e-11, 1.5788523544022525e-11, 0.57691243113550994, 
0.023833399862294907, 3.3268950602270801, 1.0344337733169885e-213, 442.3952810323899, 0.59737697215405039, 0.26324098748126368, 0.00024425809172312803, 2.7455325873395892e-05, 0.15046241787300921, 0.00037708937848797739, 0.0075658242454851804, 0.0005053941646226103, 9.8263299537898016e-05, 1.1319122637242491e-11, 1.3071708863606392e-12, 8.3425220361894541e-14, 2.7823425351540375e-13, 1.2093734137928232e-12, 3.9354290748047085e-09, 2.9528682465351337e-10, 1.6026391548548671e-11, 1.744440850931952e-11, 0.57747830586161297, 
0.023835277139406707, 3.3904368077498228, 1.0344337417630281e-213, 451.30943014819513, 0.58617930014977448, 0.26203680535385832, 0.00029104794284177179, 3.1072803583370178e-05, 0.15032233309002185, 0.00042256222346182405, 0.0082380133223842397, 0.00051211515985865978, 0.00010243975637434826, 1.2914506765630685e-11, 1.5189233413736299e-12, 9.0552821038420612e-14, 3.0834189342697578e-13, 1.6913935057422892e-12, 4.4567652473162855e-09, 2.9165646484523696e-10, 1.8533091195234458e-11, 1.9203710638152877e-11, 0.57804360554493339, 
0.023837154416518506, 3.4560715885937756, 1.03443371541685e-213, 460.52044922325052, 0.57504508318795211, 0.26080531153916403, 0.00034471480555123637, 3.5058323389067216e-05, 0.15016528066701132, 0.00047041666944026129, 0.0089490056122282138, 0.00051608056746447724, 0.0001064112708060368, 1.4775440787740642e-11, 1.7712559689417582e-12, 9.8304730256725696e-14, 3.4119936092597131e-13, 2.347102779110636e-12, 5.0353779724376437e-09, 2.8593922107206189e-10, 2.1388956684204339e-11, 2.106189352206695e-11, 0.57860771516184406, 
0.023839031693630306, 3.5236740606174002, 1.0344337013287476e-213, 470.01197587838959, 0.56401069931139669, 0.25954699053590757, 0.00040584462570467127, 3.942839818121712e-05, 0.14999111216514405, 0.00052021065147807289, 0.0096987979023439985, 0.00051738652159198152, 0.00011014772716692222, 1.6950206629362262e-11, 2.0725012435399402e-12, 1.067411946843197e-13, 3.770032003174312e-13, 3.2302914457108108e-12, 5.6758513028081893e-09, 2.7841120622810489e-10, 2.4635589450513944e-11, 2.3013208091757582e-11, 0.57917007544783339, 
0.023840908970742106, 3.5931103698651206, 1.0344336900613937e-213, 479.76646630862143, 0.55310926058149912, 0.25826235191855285, 0.00047500416900843415, 4.4198766068564696e-05, 0.14979976736168946, 0.00057143498481773756, 0.010487244701503792, 0.00051618520679427458, 0.00011362085286881194, 1.949543273915727e-11, 2.4325793708591894e-12, 1.1592951200312291e-13, 4.1596112237834063e-13, 4.4091856101260324e-12, 6.383057064759157e-09, 2.6939141020521013e-10, 2.831869537062888e-11, 2.5050879966909506e-11, 0.57973018530600895, 
0.023844663524965708, 3.7370723169302953, 1.034433691726738e-213, 500.0, 0.53179810594796506, 0.25564462072301658, 0.00063709073445329472, 5.4861498992455417e-05, 0.14937090344007922, 0.00067533790799268541, 0.012159777746624179, 0.00050699118016294818, 0.00011963785007340787, 2.581763481096317e-11, 3.3529832985627402e-12, 1.3654525796129151e-13, 5.029552054566963e-13, 7.9601455863362357e-12, 7.9939519794466131e-09, 2.4815941679734418e-10, 3.7036928046452349e-11, 2.931353731731299e-11, 0.58083077057237309, 
0.023848607698909806, 3.8941539614572833, -6.3116339660231771e-207, 522.11643237728799, 0.51034272916280732, 0.25279606034387597, 0.00084704274928104042, 6.7871970663127622e-05, 0.14885469052319567, 0.00078324768157549921, 0.014063870063776331, 0.00049006921814004508, 0.0001246068569429853, 3.4892013441058164e-11, 4.7277204427449469e-12, 1.622737163948331e-13, 6.0964325013859816e-13, 1.4231215233476172e-11, 1.0015459569710653e-08, 2.2392288096739853e-10, 4.8536068508297504e-11, 3.4039761279811585e-11, 0.58197253021596806, 
0.023852551872853907, 4.0559620559266802, -5.9928786504248423e-207, 544.94820005599422, 0.48997979924079654, 0.2498486513914846, 0.00110107220917169, 8.2905569418729609e-05, 0.14827382917142806, 0.00088539979150309238, 0.016113380584341565, 0.00046807967627768629, 0.00012809518116134748, 4.7392830463208809e-11, 6.6916207550845824e-12, 1.9315924495955381e-13, 7.3421360984226104e-13, 2.4432483676509369e-11, 1.2426739553904412e-08, 2.000681509414677e-10, 6.2959938798544225e-11, 3.8977159394499009e-11, 0.58309857361702422, 
0.023856496046798008, 4.2213293552987858, 3.7226921413999001e-207, 568.33938644036573, 0.47078244099617483, 0.24680757712719384, 0.0014014241161108528, 0.00010018506901243759, 0.14763164639438825, 0.00097808287530444949, 0.018300733226868128, 0.00044317135655588824, 0.00013006483430022135, 6.4540020474267897e-11, 9.4705165914675383e-12, 2.3045570915893643e-13, 8.7909407794910181e-13, 4.031004470795794e-11, 1.5287444005492336e-08, 1.7821971867353242e-10, 8.0936945982680158e-11, 4.4104717606370206e-11, 0.58420709929413039, 
0.023858468133770058, 4.3049275274304488, 9.9785118558261211e-207, 580.19341001383623, 0.46163966073031532, 0.24523739870906822, 0.0015713620509980497, 0.00010989366179606969, 0.1472847968761819, 0.0010203891545191564, 0.019455910602087359, 0.00043014505329370376, 0.00013049196271162569, 7.5573943473738523e-11, 1.1296862384292372e-11, 2.5237087929513964e-13, 9.6111341024596583e-13, 5.1109508690576981e-11, 1.6930775679988444e-08, 1.6827007658917012e-10, 9.1664022440297001e-11, 4.6773885820722417e-11, 0.58475959455266657, 
0.023860440220742109, 4.3890458448201706, 1.8175990705893231e-206, 592.13842289891352, 0.45279090310080217, 0.24364473567969774, 0.0017535387069787176, 0.00012032727825963605, 0.14692254440515612, 0.0010593874854599118, 0.020644996643942832, 0.00041698117457220643, 0.00013053217215558806, 8.8488869962807869e-11, 1.3459438776125821e-11, 2.7665477253756972e-13, 1.0496626603703414e-12, 6.4200715906463316e-11, 1.8723155566483216e-08, 1.5912108215970591e-10, 1.0367521605565713e-10, 4.9500660999176597e-11, 0.58530693725084937, 
0.023862412307714159, 4.4735795763434769, 3.5809711597168365e-206, 604.15837296090433, 0.44423421121141748, 0.24203062177211024, 0.0019479980266532951, 0.00013154718391057745, 0.14654518469464656, 0.0010949418671278603, 0.021867036695755709, 0.00040382567939358221, 0.00013019650801838849, 1.035632169111918e-10, 1.6011570874731659e-11, 3.036083098710747e-13, 1.1451702902853136e-12, 7.9926145947419838e-11, 2.0675783413714512e-08, 1.5078036873759282e-10, 1.1710290348714511e-10, 5.2287203303449232e-11, 0.58584862637548019, 
0.02386438439468621, 4.5584070739513987, 5.7336062476054154e-206, 616.23838365717961, 0.43596624459824662, 0.24039528993512035, 0.0021547327551690015, 0.00014362307382427881, 0.14615308257052978, 0.0011269963209245262, 0.023121109908038437, 0.00039079568073511047, 0.00012949902584699218, 1.2110613072858798e-10, 1.9013239381791942e-11, 3.3357482905057156e-13, 1.2480866097421803e-12, 9.8658824732237873e-11, 2.2800556980954661e-08, 1.4322727413018856e-10, 1.3209133062645685e-10, 5.5135666002383859e-11, 0.58638484735844043, 
0.023868328568630311, 4.7287432099404789, 1.1300275712067947e-205, 640.53598217134891, 0.42025972042900456, 0.23709628972539196, 0.0026002375543434943, 0.00017029180898412243, 0.14533419123234487, 0.0011801827708485771, 0.025695899025491638, 0.00036563393069263323, 0.00012709877831364343, 1.6413527371840276e-10, 2.6482077454396727e-11, 4.0296023567489183e-13, 1.4750910524737017e-12, 1.4638475589235787e-10, 2.755231240259218e-08, 1.3047669855686395e-10, 1.6682883961204775e-10, 6.0961860331278562e-11, 0.58743014692412909, 
0.023872272742574412, 4.8991906887399166, 1.9123668232742738e-205, 664.92251139329062, 0.4056369385957721, 0.23372225710504757, 0.0030929761469726943, 0.00020121080717555909, 0.14446331042837646, 0.0012210048631216227, 0.028380819343003492, 0.00034186973812621549, 0.00012354794868270967, 2.2080366953524804e-10, 3.6515227432365966e-11, 4.8897406569841562e-13, 1.7355565847130332e-12, 2.1072711268760641e-10, 3.3094886545250384e-08, 1.2022595900132699e-10, 2.0918718227677889e-10, 6.705803947623277e-11, 0.58845296965786542, 
0.023876216916518513, 5.0692260811743548, 2.7114985334755308e-205, 689.3239470188729, 0.39202999478608641, 0.23027677509646824, 0.0036318410809653115, 0.0002371724499102633, 0.14354093716561478, 0.0012512276256014163, 0.031170767191648227, 0.00031978292909913265, 0.00011901746405257294, 2.9451725595722784e-10, 4.9810807387612455e-11, 5.9618832754597241e-13, 2.0334616438322932e-12, 2.9508807168020555e-10, 3.9535051354111364e-08, 1.1211389550567856e-10, 2.6058785129419791e-10, 7.3471454433646288e-11, 0.5894524383733698, 
0.023880161090462614, 5.2384356405850694, 3.9231405201795955e-205, 713.68028217092069, 0.37936673303350515, 0.22676290773535038, 0.0042155315277469857, 0.00027906508485038811, 0.14256659593425669, 0.0012730419333620005, 0.034061961128013546, 0.00029947256451842182, 0.000113683373211451, 3.8917860196483144e-10, 6.7193226839661983e-11, 7.3036406969230165e-13, 2.3730868098726208e-12, 4.0299038620041544e-10, 4.6989965292804359e-08, 1.0580764739020846e-10, 3.2266648459091658e-10, 8.0257444844684349e-11, 0.59042769235752768, 
0.023884105264406714, 5.4064985948318336, 4.8355965925408489e-205, 737.94348344204991, 0.36757455259600302, 0.22318321930856086, 0.0048426497116207485, 0.00032784767559854367, 0.1415389023302609, 0.001288833131102469, 0.037051935292797857, 0.00028093033040850815, 0.00010771955066480643, 5.0916977498121001e-10, 8.9616292122818086e-11, 8.9864466566410485e-13, 2.7589943857244643e-12, 5.3796958348735908e-10, 5.5587472482470858e-08, 1.0103171915799883e-10, 3.9729216780118692e-10, 8.7482210329780135e-11, 0.59137790535529344, 
0.023886077351378765, 5.4899728826150245, 5.0283190593679624e-205, 750.0251655702931, 0.36198676648727501, 0.22135456839764098, 0.0051747763327687352, 0.00035544298370033308, 0.14099941704640626, 0.0012954214118631156, 0.038596747597275854, 0.00027223114900071395, 0.00010453595915476934, 5.811331639033294e-10, 1.0324770082366265e-10, 9.99760045557697e-13, 2.9730201600624214e-12, 6.1706559334241922e-10, 6.0410083727111643e-08, 9.9128786361831542e-11, 4.4050371060037783e-10, 9.1326432269949028e-11, 0.59184679677572738, 
0.023888049438350815, 5.5730589717757137, 5.2207628856648216e-205, 762.06885634480636, 0.35659076009249491, 0.21950964006612544, 0.005517377946381144, 0.00038522449415276285, 0.14044463948578481, 0.0013013671760349122, 0.04016750778564835, 0.00026395246533201296, 0.00010124973831116896, 6.6164068176553878e-10, 1.1862509982371581e-10, 1.113299225579266e-12, 3.201150561656152e-12, 7.0431450233938517e-10, 6.5592156860167549e-08, 9.7548279841363978e-11, 4.8795978333508252e-10, 9.5319055547350818e-11, 0.59230897308035069, 
0.023890021525322866, 5.6557516778109029, 5.0522988994375868e-205, 774.07062969198898, 0.35137825302360409, 0.21764909175189864, 0.0058702889141383306, 0.00041732766459065871, 0.13987407493359988, 0.0013069548976262495, 0.041764291184589249, 0.0002560706642963715, 9.7880646179577461e-05, 7.5140156856184629e-10, 1.3591705192688314e-10, 1.2407006331935175e-12, 3.4440800406729316e-12, 8.0015201140872005e-10, 7.115499380714322e-08, 9.6264990475030152e-11, 5.400099856993623e-10, 9.9467796191449816e-11, 0.59276394576018898, 
0.023891993612294913, 5.7380120842180355, 4.8849948088897765e-205, 786.02696402917957, 0.34634161336496322, 0.21577270395808007, 0.0062333185117834202, 0.0004518862909880566, 0.13928731592401697, 0.0013124558241184186, 0.043387202580863329, 0.00024856395592860416, 9.4447707542721771e-05, 8.5114715122124855e-10, 1.5530063314443204e-10, 1.3835239829778636e-12, 3.7025134771492407e-12, 9.0499826109022744e-10, 7.7120786872518326e-08, 9.5256892856377224e-11, 5.9702687872336048e-10, 1.0378042540875353e-10, 0.59321202541329532, 
0.02389396569926696, 5.8198423682673051, 4.0538231285728374e-205, 797.93469869640671, 0.34147310691994198, 0.21388112853166111, 0.0066063021991901961, 0.00048903237305626495, 0.13868379878036108, 0.0013181310614129688, 0.045036421583289028, 0.00024141151376119659, 9.0969013626565902e-05, 9.6162789085861247e-10, 1.7696108761685502e-10, 1.5434536962257731e-12, 3.9771642993126202e-12, 1.0192645818492572e-09, 8.351245084290896e-08, 9.4504598170165128e-11, 6.594030974583827e-10, 1.082647068252657e-10, 0.59365271840564426, 
0.02389593778623901, 5.901207481729954, 3.232450647455416e-205, 809.7909846266466, 0.33676568116117839, 0.21197411919168618, 0.0069890444769877252, 0.00052889383178991224, 0.13806306357032247, 0.0013242273445361415, 0.046712134989830567, 0.00023459377656641746, 8.7461832517511711e-05, 1.0836089718001838e-09, 2.0109079655374357e-10, 1.722295690002315e-12, 4.2687501272879065e-12, 1.143346355311364e-09, 9.0353780156787346e-08, 9.3991650371352938e-11, 7.2755524709274372e-10, 1.1292854779911241e-10, 0.59408636726347031, 
0.023897909873211061, 5.982115423784566, 1.7424446871659478e-205, 821.59324792784071, 0.3322121984406885, 0.21005233410711469, 0.0073813793073295667, 0.00057159467968925294, 0.13742450406522683, 0.0013309807427353785, 0.048414590710717235, 0.00022809180375811688, 8.394242293456308e-05, 1.2178669273494544e-09, 2.2788882183175315e-10, 1.9219782391147442e-12, 4.5779904456771721e-12, 1.2776276789316396e-09, 9.766924106290829e-08, 9.3703730012243441e-11, 8.0191994159230355e-10, 1.1777986461505997e-10, 0.59451248074796637, 
0.023899881960183111, 6.0625339015790694, 2.7655476525693011e-206, 833.33914489285678, 0.32780621114490144, 0.20811552380608209, 0.0077831030422051478, 0.00061725253575810692, 0.13676763276144407, 0.0013386127083506163, 0.050144020488337264, 0.0002218876532462076, 8.042616227193312e-05, 1.3651841313091724e-09, 2.575595322291601e-10, 2.1445441668228136e-12, 4.90560094458143e-12, 1.4224732379692641e-09, 1.0548414948342515e-07, 9.3628820020411439e-11, 8.8295827179227432e-10, 1.2282668344659751e-10, 0.59493143120647429, 
0.023901854047155162, 6.14247582251026, -2.0346104411207595e-205, 845.02653235914192, 0.32354118769016543, 0.20616437492158449, 0.008194044862542044, 0.00066597921470596354, 0.13609182603934661, 0.0013473342882183476, 0.051900703558058169, 0.00021596379234953085, 7.692737178187451e-05, 1.5263452304842281e-09, 2.9031216269755402e-10, 2.3921489251469205e-12, 5.2522908294125874e-12, 1.578234062127872e-09, 1.138244190524694e-07, 9.3756352805833119e-11, 9.7115056365521343e-10, 1.2807688001182154e-10, 0.59534272753147421, 
0.023903826134127212, 6.2219102095777146, -4.2978925240749376e-205, 856.65342834182309, 0.31941128522188938, 0.20419864776661897, 0.0086139884057246287, 0.00071787801377785063, 0.13539659514991004, 0.001357342314965526, 0.053684878678794207, 0.00021030340456764255, 7.3459458136257937e-05, 1.7021304398418802e-09, 3.2635915291385381e-10, 2.6670473980314343e-12, 5.6187556534130568e-12, 1.7452385291659957e-09, 1.2271676349977007e-07, 9.4077319986945788e-11, 1.0670015477303856e-09, 1.335381318701202e-10, 0.59574677901411044, 
0.023905798221099263, 6.3008536104826227, -7.3951070398164604e-205, 868.21799005663206, 0.31541056724846289, 0.20221906710400181, 0.0090427536728308906, 0.000773044853134745, 0.13468132560206425, 0.0013688241297101281, 0.055496819236967178, 0.00020488968387675344, 7.0034748705699977e-05, 1.8933120736599986e-09, 3.6591593253036191e-10, 2.9715894267195461e-12, 6.0056744626391763e-12, 1.9238023174814963e-09, 1.3218839602155686e-07, 9.4583322666752645e-11, 1.1710335951399017e-09, 1.3921734507500811e-10, 0.59614310318347064, 
0.023907770308071313, 6.3792756974631164, -1.0413912799636925e-204, 879.71847980763448, 0.31153377021231243, 0.20022542607421021, 0.0094801069881419869, 0.00083156532234768363, 0.13394555158121338, 0.0013819539804545114, 0.057336734557640545, 0.00019970583304139173, 6.6664642799963089e-05, 2.1006465375379913e-09, 4.0919906589570732e-10, 3.3082007417266413e-12, 6.413701018545787e-12, 2.1142543238323427e-09, 1.4226725902877013e-07, 9.5266493522121543e-11, 1.2837926938432391e-09, 1.4512011844279199e-10, 0.59653214259489018, 
0.023911714482015414, 6.5346578527832975, -1.0834745824081573e-204, 902.52404478620429, 0.30412729097112162, 0.19622398254934834, 0.01037403517713328, 0.00095801246840301001, 0.13242160980784773, 0.0014134255639329143, 0.061075607402094924, 0.00019003789437319377, 6.0163082299243775e-05, 2.5626906353570629e-09, 5.068993496990331e-10, 4.0795690801954403e-12, 7.2887779448412869e-12, 2.5302689510442877e-09, 1.6417513396022779e-07, 9.7124024318481757e-11, 1.535334054528679e-09, 1.5751767016688581e-10, 0.59728295447823032, 
0.023915658655959515, 6.6879884424356835, -1.1346617440836115e-204, 925.06224418997317, 0.29715602910926375, 0.1921721699978324, 0.011299236263401135, 0.0010981445777017798, 0.13081484743003655, 0.0014530962737181238, 0.0649224663943406, 0.00018112754269715246, 5.3982029792228335e-05, 3.0951103574853209e-09, 6.2142001996044443e-10, 5.0039547475221334e-12, 8.2512628770057274e-12, 2.9962888548811025e-09, 1.8871450957694537e-07, 9.9592809185923552e-11, 1.8261697693333318e-09, 1.7084438479945688e-10, 0.59800473195328907, 
0.023919602829903616, 6.8392426422189638, -1.1934981780272283e-204, 947.3228399325335, 0.29058548548229346, 0.18807322643007671, 0.012253662652416102, 0.0012521868381825919, 0.12912272660934312, 0.0015019729946975304, 0.068877266631074074, 0.0001728998142874464, 4.8173654637795531e-05, 3.7025266949808949e-09, 7.5416973259454415e-10, 6.1002015796800856e-12, 9.3044231848355324e-12, 3.5137387817538701e-09, 2.1609650418454024e-07, 1.0265832713632393e-10, 2.1605836191520654e-09, 1.8517209155797984e-10, 0.59869765784452655, 
0.023923547003847714, 6.9883940882738607, -1.2613149426326467e-204, 969.29562514224631, 0.28438483216412219, 0.18393098382696271, 0.013235065972566587, 0.0014201601474048496, 0.12734350051130575, 0.0015608935741206584, 0.072938986449170587, 0.00016528016187447369, 4.2775724120854637e-05, 4.3888148165656601e-09, 9.0638510234261995e-10, 7.3861574445171462e-12, 1.0450525617488876e-11, 4.0836040574109459e-09, 2.4653259691700435e-07, 1.0631208156004098e-10, 2.5429277401108772e-09, 2.0057309007889499e-10, 0.59936209485342296, 
0.023927491177791811, 7.1354126930418191, -1.3376988567823326e-204, 990.97005671437432, 0.27852656504503059, 0.17974993826028246, 0.014240981725505463, 0.0016018773603021408, 0.12547633357178831, 0.0016305301392886787, 0.07710546773451199, 0.00015819955168120572, 3.7812521674053527e-05, 5.1569717906316696e-09, 1.0790872468425447e-09, 8.8778785779886748e-12, 1.1690630350485049e-11, 4.7063934105255132e-09, 2.802319160016131e-07, 1.1054804263561347e-10, 2.9775370644341672e-09, 2.1711802311155546e-10, 0.59999856463482559, 
0.023931435351735912, 7.2802610498800338, -1.422838221920537e-204, 1012.3349971843401, 0.27298617830426969, 0.17553526186674889, 0.015268718801755033, 0.0017969454929769489, 0.12352140134410095, 0.0017113929303857816, 0.081373295511250388, 0.00015159595354707987, 3.3296012134627214e-05, 6.0090065639799817e-09, 1.2730442382460206e-09, 1.058884332152206e-11, 1.3024401875128896e-11, 5.3820986553055934e-09, 3.1739838599395932e-07, 1.1536121817553466e-10, 3.4686327921355509e-09, 2.3487393812195286e-10, 0.60060775818208367, 
0.023935379525680013, 7.4229003188062892, -1.5092764297347216e-204, 1033.3794918450756, 0.26774159788420993, 0.17129282947616439, 0.0163153595692818, 0.0020047735950907415, 0.12147995761154505, 0.001803833906651447, 0.085737721345143278, 0.00014541430136378504, 2.9227203114376897e-05, 6.9458556939845831e-09, 1.488742098549251e-09, 1.2529226986143454e-11, 1.4449949053958502e-11, 6.1102221426262559e-09, 3.5822778005020284e-07, 1.207467298857058e-10, 4.02021691395618e-09, 2.5390218009081716e-10, 0.60119050579720013, 
0.023939323699624114, 7.5632908859672048, -1.6033243823538657e-204, 1054.0930292906612, 0.26277285167970105, 0.16702919059418772, 0.017377765281710644, 0.0022245853881237717, 0.11935437559996374, 0.0019080504192068748, 0.090192626869959824, 0.00013960604224634923, 2.5597646654528972e-05, 7.9673269348187793e-09, 1.7263622808922537e-09, 1.4705287118447142e-11, 1.5963706977868379e-11, 6.8896912476143838e-09, 4.0290477596422959e-07, 1.2669913189122355e-10, 4.6359613757399178e-09, 2.7425639689495659e-10, 0.60174777760220433, 
0.023943267873568215, 7.7013895046125729, -5.0732684778811396e-205, 1074.4650692557782, 0.25806195248373043, 0.16275154807675873, 0.018452593345909422, 0.0024554362517480543, 0.11714815215512872, 0.002024089758181526, 0.094730535959999973, 0.00013412864335101492, 2.2391013376746643e-05, 9.072073621807398e-09, 1.9857711348092381e-09, 1.7118897316551339e-11, 1.7560373059314961e-11, 7.7189056924028168e-09, 4.5160012712491415e-07, 1.3321192448030896e-10, 5.3190959297081697e-09, 2.9598091568674896e-10, 0.60228064863570019, 
0.023947212047512316, 7.8371484983184265, 6.6354503407820118e-205, 1094.4851187843071, 0.25359266621287657, 0.15846768785889845, 0.019536319222763315, 0.0026962335155935771, 0.11486588493565864, 0.0021518547982438642, 0.099342664977839668, 0.00012894504619391102, 1.9584681393357429e-05, 1.0257597736835879e-08, 2.2665180793655503e-09, 1.9767260396556617e-11, 1.9232904372193349e-11, 8.5957344004789916e-09, 5.0446802060735188e-07, 1.4027718053250538e-10, 6.072299170350524e-09, 3.1910927627803119e-10, 0.60279029280485863, 
0.023951156221456417, 7.9705173405248493, 1.7405158655770774e-204, 1114.1428384360911, 0.24935029381453122, 0.15418591645841317, 0.020625268594911404, 0.0029457595694245024, 0.11251321597491938, 0.0022911114191201359, 0.10401901492515762, 0.00012402313489705307, 1.7151280917620338e-05, 1.1520280883639234e-08, 2.5678430330246924e-09, 2.264281996281021e-11, 2.0972582026780193e-11, 9.5175334472667477e-09, 5.6164369361628693e-07, 1.4788526649082389e-10, 6.8975967704329473e-09, 3.4366302075890848e-10, 0.60327794596012774, 
0.023955100395400514, 8.1014425092367066, 2.8743954080716505e-204, 1133.4281688431392, 0.24532148426997247, 0.1499149577655306, 0.021715652316612492, 0.0032026966735350616, 0.11009675151089988, 0.0024414977183799436, 0.10874849454249989, 0.00011933524565936815, 1.506014954511894e-05, 1.2855439676092898e-08, 2.8886921196392291e-09, 2.5733372095264016e-11, 2.2769142684647077e-11, 1.048117395335178e-08, 6.2324138917585232e-07, 1.5602467926284255e-10, 7.7962719930465045e-09, 3.6965081463852582e-10, 0.60374489624019267, 
0.023959044569344612, 8.2298694154121339, 3.8123664298438469e-204, 1152.3314691786379, 0.24149406060044423, 0.14566385892350381, 0.022803609272806755, 0.0034656530003011996, 0.10762395480968216, 0.0026025352980873864, 0.11351907583681196, 0.00011485771379449275, 1.3278660350212888e-05, 1.4257403291145855e-08, 3.2277409382357912e-09, 2.9022370974819959e-11, 2.4610974807702176e-11, 1.1483080977655693e-08, 6.8935269443797347e-07, 1.6468197157438388e-10, 8.7687919033181627e-09, 3.9706793641337845e-10, 0.60419244877956724, 
0.023962988743288713, 8.3557426688001417, 4.7880134880815164e-204, 1170.8436593954339, 0.23785687285095258, 0.14144186603663994, 0.023885249400243013, 0.0037331888220719844, 0.10510302228149106, 0.0027736422487683074, 0.11831796941060319, 0.00011057045788190118, 1.1773399279909925e-05, 1.5719608609841939e-08, 3.5834238804151631e-09, 3.2489405423471245e-11, 2.6485371437545939e-11, 1.2519280794521098e-08, 7.600453161984598e-07, 1.7384177692016565e-10, 9.8147535317599798e-09, 4.2589615755534654e-10, 0.60462191560192491, 
0.023966932917232814, 8.4790080909997894, 5.5861689246656285e-204, 1188.9563594543561, 0.23439966286068425, 0.13725831192680732, 0.02495670159718897, 0.0040038424729581029, 0.10254274213295606, 0.0029541477736331856, 0.12313181962828272, 0.00010645659097006532, 1.0511176189916155e-05, 1.7234710294959857e-08, 3.9539684898807489e-09, 3.6110819995700839e-11, 2.8378829535250469e-11, 1.3585457162797625e-08, 8.3536230500795727e-07, 1.834869022984415e-10, 1.0932851937564295e-08, 4.5610400176208794e-10, 0.60503458492764017, 
0.023970877091176915, 8.599613165310485, 6.4078400184024698e-204, 1206.6620191731199, 0.23111295184942715, 0.13312248496394166, 0.026014158990945845, 0.0042761551121542592, 0.099952345503589654, 0.0031433078205851976, 0.12794690652877555, 0.00010250205707209553, 9.4598645993298836e-06, 1.8794701089684786e-08, 4.3374331452746887e-09, 3.9860441972481732e-11, 3.0277381407268958e-11, 1.4677013182488137e-08, 9.153217511753216e-07, 1.9359849581705773e-10, 1.2120872728996192e-08, 4.8764736328732214e-10, 0.60543171315518141, 
0.023974821265121016, 8.7175089050131831, -1.7855515640587534e-203, 1223.9540338558018, 0.22798793835485379, 0.12904351359138463, 0.027053925949210925, 0.0045486940543262829, 0.097341350845562127, 0.0033403214910715634, 0.13274935396692206, 9.869528656634104e-05, 8.5890703933804526e-06, 2.0391039930399518e-08, 4.7317470299108148e-09, 4.3710378658845973e-11, 3.2166943783396098e-11, 1.5789138793164273e-08, 9.9991693157629015e-07, 2.041562576919492e-10, 1.3375708882199579e-08, 5.2047043880985249e-10, 0.6058145007394925, 
0.023978765439065117, 8.8326502889295835, -4.2609797859646127e-203, 1240.8268413986639, 0.22501641499404801, 0.12503024253205308, 0.028072459954533481, 0.0048200738670311936, 0.094719410331478293, 0.0035443475310852979, 0.13752533171094997, 9.5026871133360009e-05, 7.8706359306618345e-06, 2.2014783545297993e-08, 5.1347507364902109e-09, 4.7631842954241834e-11, 3.4033667757577165e-11, 1.6916880128823759e-08, 1.089116901248174e-06, 2.1513869950480294e-10, 1.4693402277573726e-08, 5.5450692651762448e-10, 0.60618408783777566, 
0.023982709613009218, 8.9449978088985045, -5.8746266869279564e-203, 1257.2759981247559, 0.22219069399825311, 0.12109112799215806, 0.029066412457670585, 0.0050889751626455237, 0.092096159526717444, 0.0037545206845055294, 0.14226125130654896, 9.1489255409157139e-05, 7.2789884745120412e-06, 2.3656719611001513e-08, 5.5442366650262677e-09, 5.1595974396109987e-11, 3.5864274937601325e-11, 1.8055210532446558e-08, 1.1828674821499237e-06, 2.2652342064240425e-10, 1.6069207584099779e-08, 5.8968142924117701e-10, 0.6065415375293487, 
0.023986653786953315, 9.0545177400100769, -7.5079328253719489e-203, 1273.2982311352787, 0.21950354784902712, 0.11723413335030276, 0.030032662791575154, 0.0053541604948109407, 0.089481077292473732, 0.0039699673429932697, 0.14694394529150212, 8.8076446215655518e-05, 6.7913451188469636e-06, 2.5307497693231698e-08, 5.9579878901037879e-09, 5.5574621931711369e-11, 3.7646364932007999e-11, 1.9199099529479591e-08, 1.2810926209748223e-06, 2.3828739902598367e-10, 1.7497676885920056e-08, 6.259109997411825e-10, 0.6068878356327051, 
0.023990597960897413, 9.1611832553807364, -8.1966995518833079e-203, 1288.8914663597957, 0.21694815705062098, 0.1134666459468541, 0.03096834902755087, 0.0056144874522428313, 0.08688335679853515, 0.0041898204561531989, 0.15156083051082819, 8.4783733449903206e-05, 6.3877874819387563e-06, 2.6957756474292629e-08, 6.3738151222092406e-09, 5.9541068665879764e-11, 3.9368682994046482e-11, 2.0343579621285817e-08, 1.3836960517431229e-06, 2.5040724491691694e-10, 1.8972760921769784e-08, 6.6310672901729259e-10, 0.60722388093051616, 
0.023994542134841514, 9.2649744364470799, -8.888998999080947e-203, 1304.054831894191, 0.2145180696402621, 0.10979540064016984, 0.031870890968839161, 0.0058689185787743564, 0.084311792446863251, 0.0044132334470968655, 0.15610004755176296, 8.1607405552861618e-05, 6.0512210208815209e-06, 2.8598243967477519e-08, 6.789591178426359e-09, 6.3470682297439913e-11, 4.1021337800239857e-11, 2.1483807711619822e-08, 1.4905632227779635e-06, 2.628593362292669e-10, 2.0487923915984999e-08, 7.0117516260933214e-10, 0.60755048874860373, 
0.023998486308785615, 9.3658789099062787, -8.8739075825059086e-203, 1318.7886373949166, 0.21220716622168592, 0.10622642492383229, 0.032738008903033453, 0.0061165283562937944, 0.081774682742959362, 0.004639393485470337, 0.16055057818631571, 7.8544392216704317e-05, 5.767233586177063e-06, 3.0219929342536533e-08, 7.2032836849336309e-09, 6.7341491952122494e-11, 4.2595963496266165e-11, 2.2615122519433168e-08, 1.6015634185002324e-06, 2.7561953092387322e-10, 2.2036266962549148e-08, 7.4001879692740548e-10, 0.6078683870126953, 
0.024002430482729716, 9.4638915632425302, -8.8588321717340467e-203, 1333.0943309038842, 0.21000963370757159, 0.10276499439310238, 0.033567734370711602, 0.0063565070730237953, 0.079279751805682711, 0.0048675345159700824, 0.16490233529739623, 7.5591604523618286e-05, 5.5238666743226143e-06, 3.1814102987305464e-08, 7.6129871877080507e-09, 7.1134698619276729e-11, 4.4085821514265726e-11, 2.3733131008816793e-08, 1.7165520350817706e-06, 2.8866154442216633e-10, 2.3610656417911642e-08, 7.795327823401083e-10, 0.60817822256658771, 
0.024010318830617917, 9.6513429038042045, -6.8965197251052219e-203, 1360.4369806976902, 0.20593101234241457, 0.0962114082927812, 0.035102723340656956, 0.0068091492698494531, 0.074463792798081643, 0.0053251921454306435, 0.17323856174711094, 7.003196219200311e-05, 5.1314895278148556e-06, 3.4878816069621058e-08, 8.4109931872367714e-09, 7.8404927955816338e-11, 4.6782121758651596e-11, 2.5908343324123748e-08, 1.9566699783934167e-06, 3.1533708915484282e-10, 2.6797696590739143e-08, 8.5973293037310531e-10, 0.60877195498828474, 
0.024018207178506116, 9.8278866120953197, -3.204353902597949e-203, 1386.1829656859638, 0.20223187279922525, 0.090122241631082775, 0.036474859131223981, 0.0072255675063619641, 0.069881610265759064, 0.0057824692799114466, 0.18110284596576309, 6.4885976882361841e-05, 4.8085883166370996e-06, 3.7749810559005524e-08, 9.1748784900900954e-09, 8.5219439635810139e-11, 4.9116419188840741e-11, 2.7988786655398994e-08, 2.2096470122502329e-06, 3.4273221813034742e-10, 2.999746736945134e-08, 9.4115202632550154e-10, 0.60933839567852321, 
0.024026095526394314, 9.9938179051832705, 7.2230223073157294e-204, 1410.3875922409024, 0.19887413564216794, 0.084511672544294411, 0.037679531381602863, 0.0076033619182273226, 0.0655666408828397, 0.0062349139082501018, 0.18845638155695751, 6.01461784227566e-05, 4.5277291907799353e-06, 4.0381596936648114e-08, 9.8950937978687116e-09, 9.1529649570111842e-11, 5.1094033870506792e-11, 2.9951333551028143e-08, 2.4739126943386461e-06, 3.7069420908138427e-10, 3.3158710415324685e-08, 1.0230766924026411e-09, 0.60988023506439093, 
0.024033983874282516, 10.149526295794187, 5.4720331205975262e-203, 1433.1179768447532, 0.19582302673217478, 0.079382670618196718, 0.038716490986685413, 0.0079416307767249603, 0.061541421863454633, 0.0066787976656337402, 0.19527651017025821, 5.5801363664589487e-05, 4.2744329343791027e-06, 4.2739858552169726e-08, 1.0564615317949332e-08, 9.7328504125594093e-11, 5.273987667761732e-11, 3.1778619461761961e-08, 2.7478531712152455e-06, 3.9908805884306896e-10, 3.6236196840793025e-08, 1.1048539974597101e-09, 0.61039953129597557, 
0.024041872222170718, 10.295475037682772, 1.322495873495943e-202, 1454.4498671126253, 0.19304687564346051, 0.074728340926027051, 0.039589254770027803, 0.0082407234656669895, 0.057818456756397039, 0.0071110984658087758, 0.20155520007563105, 5.1837791987381593e-05, 4.041744661217767e-06, 4.4801909639093685e-08, 1.1178881394706531e-08, 1.0264175634926415e-10, 5.4093467386848173e-11, 3.3458871106919371e-08, 3.0298621752416408e-06, 4.2779731057539668e-10, 3.9192354192642323e-08, 1.1859053358961661e-09, 0.61089788573916337, 
0.024049760570058917, 10.432179573889385, 2.1504367694307649e-202, 1474.4645518883815, 0.19051695276501399, 0.070533561826578911, 0.040304421403289416, 0.0085019690230813388, 0.054401507552458171, 0.0075294418297628162, 0.20729698737375546, 4.823902046103972e-05, 3.8265365979343182e-06, 4.6556344091051139e-08, 1.1735551581725743e-08, 1.0751837419070742e-10, 5.5203702382598135e-11, 3.4985474018515105e-08, 3.3183824418489854e-06, 4.5672410032665669e-10, 4.1998021387058223e-08, 1.2657338998207178e-09, 0.61137658989100185, 
0.024057648917947115, 10.56018659349467, 2.8269505006164104e-202, 1493.246019163282, 0.18820732179924465, 0.066776742269800959, 0.040870962467122782, 0.008727407359118252, 0.051287113829881263, 0.0079320235589363259, 0.2125166450272224, 4.4986018929943461e-05, 3.6273163010052526e-06, 4.8002009782974421e-08, 1.2234168854267199e-08, 1.1202136215414577e-10, 5.6124028370905429e-11, 3.6356341633996939e-08, 3.6119371359631004e-06, 4.8578770019574818e-10, 4.4632429193228683e-08, 1.3439259819825675e-09, 0.61183673699274255, 
0.024065537265835317, 10.680054882734055, 3.5085080735486146e-202, 1510.8784697362162, 0.18609469385423028, 0.063431556591059174, 0.041299539321321924, 0.0089195415098683936, 0.048466178108521496, 0.0083175277326401065, 0.21723680022391015, 4.2057627910771542e-05, 3.4431101386689547e-06, 4.9146484986583046e-08, 1.2675779977435209e-08, 1.162200124274311e-10, 5.6908439415977392e-11, 3.7573175521670898e-08, 3.9091517636145591e-06, 5.149220477606081e-10, 4.7082565103952789e-08, 1.4201476868349102e-09, 0.61227929803666192, 
0.024073425613723519, 10.792338681235451, 4.0473541752258578e-202, 1527.4442422239638, 0.18415827711599891, 0.060468553025010037, 0.041601881947053235, 0.0090811203142792899, 0.045925501668182454, 0.0086850460916514678, 0.22148566475565981, 3.9431193372153626e-05, 3.2729896031438981e-06, 5.0004239440639101e-08, 1.3062551532321428e-08, 1.2018438504964677e-10, 5.7608487541563536e-11, 3.8640692956901726e-08, 4.2087676442447089e-06, 5.4407255980423198e-10, 4.9342101684430708e-08, 1.4941381208662567e-09, 0.6127051659819549, 
0.024081313961611717, 10.89757384360939, 4.5739780302556253e-202, 1543.0221642389331, 0.18237962120546186, 0.057856569515533189, 0.041790252444069295, 0.009214952318708787, 0.043649199959810696, 0.0090339984140739363, 0.22529498755072777, 3.7082977241782771e-05, 3.1158924566038213e-06, 5.0594638829675854e-08, 1.3397403668254155e-08, 1.2398294562045438e-10, 5.827130168318075e-11, 3.9565887599670189e-08, 4.5096483836262189e-06, 5.731925693120149e-10, 5.1410056027212435e-08, 1.5656969707905973e-09, 0.61311517398986448, 
0.024097090657388118, 11.088580997307055, 5.4413325192761872e-202, 1571.4518866862518, 0.17923747520365807, 0.053608137345681761, 0.041862726881310611, 0.0094067716731963541, 0.039854284703883691, 0.0096723356525076163, 0.23166886286125657, 3.3158026526505015e-05, 2.8378620471964731e-06, 5.1039592791866149e-08, 1.3919249608749504e-08, 1.312578789571153e-10, 5.9603420634885292e-11, 4.1010746089240944e-08, 5.1092309238453302e-06, 6.3094825560902078e-10, 5.4963206160374743e-08, 1.7003146055643465e-09, 0.61388561230774708, 
0.024112867353164518, 11.259105308447506, 5.5411885216272868e-202, 1596.9946302530191, 0.17652232861887798, 0.050361009410931433, 0.041628589431296908, 0.0095214937689836621, 0.03682402696455539, 0.010240580482583753, 0.23678438661624673, 3.0012299437304159e-05, 2.5978141769519542e-06, 5.0759592744565692e-08, 1.4283872384978638e-08, 1.3844545262264339e-10, 6.1163112023827867e-11, 4.2016219754403354e-08, 5.7030786195325357e-06, 6.8793409903990272e-10, 5.7898192536426814e-08, 1.8242584378147794e-09, 0.61460143246348986, 
0.024128644048940918, 11.412389122599919, 5.6312299334372335e-202, 1620.106998022002, 0.17415093331162859, 0.047903809686769626, 0.041168144636249543, 0.0095749444189143218, 0.034417292366828195, 0.010742478181359478, 0.24088724218454141, 2.7490056100471419e-05, 2.3896190303955811e-06, 4.9943234479791014e-08, 1.451838744668714e-08, 1.4571359752644952e-10, 6.3071489380495555e-11, 4.26609040127482e-08, 6.2866855383839585e-06, 7.4385164536227322e-10, 6.0304643409444595e-08, 1.9375608225783087e-09, 0.61526975184730126, 
0.024144420744717319, 11.551141731056665, 5.682700108128114e-202, 1641.1675787784829, 0.17205861879266637, 0.046056117608572783, 0.040548426187782587, 0.0095806803433199882, 0.032508085378178626, 0.011183411307601641, 0.24419173384058271, 2.5457710510197766e-05, 2.2079972190957152e-06, 4.8756921989911612e-08, 1.464804662423375e-08, 1.5312970085666761e-10, 6.5377573380859467e-11, 4.3018015637482538e-08, 6.8568709553953028e-06, 7.984579785047403e-10, 6.2273939924783024e-08, 2.0406334577878749e-09, 0.61589685100075409, 
0.024160197440493719, 11.677579162931504, 5.7313111555274037e-202, 1660.4843068089049, 0.17019531734082405, 0.044670141315140868, 0.039822985947641255, 0.0095498810752197572, 0.030989614870319895, 0.011569596009024038, 0.24687625276563752, 2.3806176899542028e-05, 2.0487149453292242e-06, 4.7336489110288429e-08, 1.4694881011355619e-08, 1.6068977504732905e-10, 6.8080189203916485e-11, 4.3151345491615839e-08, 7.411492965443752e-06, 8.5155858202211206e-10, 6.3889530596256191e-08, 2.1341073841378412e-09, 0.61648808934552424, 
0.02417597413627012, 11.793485568900282, 5.7327564750620486e-202, 1678.3041276295617, 0.16852232162453665, 0.043628440972581319, 0.039033128308505444, 0.0094915776753701393, 0.029774561035542591, 0.011907438905405391, 0.24908445814707059, 2.2449016456032986e-05, 1.9084061538847246e-06, 4.5786549322313391e-08, 1.4677376562459596e-08, 1.6834764361126774e-10, 7.1147512053041644e-11, 4.3114028551861322e-08, 7.9491750257816873e-06, 9.0300581072349654e-10, 6.5222697026488772e-08, 2.2187244276998846e-09, 0.61704791619601207, 
0.02419175083204652, 11.900278460995548, 5.7341394446520659e-202, 1694.822738421371, 0.16700972775495596, 0.042839763801369446, 0.038209800687516109, 0.0094129695404983945, 0.028793328967827957, 0.012203064709809459, 0.25092937990266573, 2.1318969023778968e-05, 1.7843303070294451e-06, 4.418412236611037e-08, 1.46107183936282e-08, 1.7603961594141644e-10, 7.4533043529682384e-11, 4.2948941112992773e-08, 8.4690599636757566e-06, 9.526935937252019e-10, 6.633160248230011e-08, 2.2952630613663491e-09, 0.61757994845710473, 
0.024223304223599324, 12.090063284331846, 5.7352643688765493e-202, 1724.4319631973608, 0.16438762540829283, 0.041815171548323968, 0.03653760736068784, 0.0092127940144947369, 0.027374200325471876, 0.012682276759340692, 0.25378189967585757, 1.9579947687289517e-05, 1.5768127684437375e-06, 4.0999758259847089e-08, 1.4369296020050317e-08, 1.9129295042520483e-10, 8.2079044397345235e-11, 4.2348233134198409e-08, 9.4494296978508507e-06, 1.0461539602611509e-09, 6.8006885499029621e-08, 2.4259180317342242e-09, 0.61856527465605293, 
0.024254857615152128, 12.257762327539806, 5.734683194901193e-202, 1750.8042125265929, 0.16213825883324615, 0.041162498692046912, 0.034918909654781685, 0.0089843067668104581, 0.02633785696892247, 0.013060476189481899, 0.25603687305935502, 1.8237783716910611e-05, 1.4094865230380188e-06, 3.8037958868987108e-08, 1.4048588894866926e-08, 2.0610994799787797e-10, 9.0240027033367444e-11, 4.1561321914961969e-08, 1.036655001468699e-05, 1.1328029175828166e-09, 6.9272273323991635e-08, 2.5339301277652472e-09, 0.61946889796512083, 
0.024286411006704929, 12.407831788677344, 5.7349713107472101e-202, 1774.5654779171327, 0.16017692567652719, 0.040703350193295573, 0.033395646357705762, 0.0087445169375435401, 0.02553431832306326, 0.013362953510198118, 0.25792570984006702, 1.7152842757728984e-05, 1.2730450820162459e-06, 3.5374014813793675e-08, 1.3686679437206447e-08, 2.2023115771455569e-10, 9.8728744953066092e-11, 4.0686229848700684e-08, 1.122510290745751e-05, 1.2131267602963792e-09, 7.0263448788972117e-08, 2.6236855945582074e-09, 0.62030368968123428, 
0.02431796439825773, 12.543460314194347, 5.7361125325217242e-202, 1796.1670345551167, 0.15844471133565585, 0.040341881441199393, 0.031981416431892215, 0.0085038522483957667, 0.02487603380678239, 0.013608075875049327, 0.25958004548795066, 1.6242426630463868e-05, 1.1605086928414081e-06, 3.3017961612235913e-08, 1.3307515244516454e-08, 2.3351674517587422e-10, 1.0733236226425166e-10, 3.9778629938845806e-08, 1.2030328930088277e-05, 1.2878154386910876e-09, 7.1067739725759565e-08, 2.6987514641441574e-09, 0.62107909994521426, 
0.024349517789810531, 12.667000537855657, 5.737527725533176e-202, 1815.9451577173272, 0.1568991738516575, 0.040027891497435276, 0.030675897133973964, 0.0082682468536857193, 0.024312181525338844, 0.013808915527111392, 0.261074916411138, 1.5456805540573057e-05, 1.0666637124907158e-06, 3.0950788163294018e-08, 1.2925522102664323e-08, 2.4591290945798387e-10, 1.1590482634292604e-10, 3.8869485435392585e-08, 1.2787378103602386e-05, 1.357586221670199e-09, 7.1742268506028839e-08, 2.7619290680566252e-09, 0.62180248123456283, 
0.024381071181363331, 12.780232891483102, 5.7378816492829833e-202, 1834.1570738078194, 0.15550883935373522, 0.039735788866585429, 0.029472580538911428, 0.0080408216899969416, 0.023813087093200326, 0.013974765902554516, 0.26245374774777031, 1.4765079940404224e-05, 9.8758839757020461e-07, 2.9142799230139918e-08, 1.2549137107374015e-08, 2.5741880298665731e-10, 1.243510075395608e-10, 3.7975626950401773e-08, 1.3500994339672487e-05, 1.4231036120749372e-09, 7.2324937351335506e-08, 2.8154020427752596e-09, 0.62247979788552732, 
0.024412624572916132, 12.884525948883139, 5.7382319545532494e-202, 1851.0026432223597, 0.15424988810823279, 0.039452973180958306, 0.028362736167347705, 0.0078230273465551663, 0.023361165056667382, 0.014112291264065189, 0.26374238056291222, 1.4147269921340857e-05, 9.2031571284008181e-07, 2.7562391994310968e-08, 1.2183139809435828e-08, 2.6806197950581132e-10, 1.3261093065411026e-10, 3.7105873673109208e-08, 1.4175364108254517e-05, 1.4849482805813389e-09, 7.2841256656524331e-08, 2.8608768037905253e-09, 0.62311602903259145, 
0.024444177964468933, 12.980930796701632, 5.7386018781177332e-202, 1866.6370814048878, 0.15310415100936203, 0.039173559875659583, 0.027337331233533192, 0.0076153712236059169, 0.022945796042877747, 0.014226325365733523, 0.26495678475443962, 1.3589941339452118e-05, 8.625909432224556e-07, 2.6179821316895602e-08, 1.1830115997606612e-08, 2.7788166026571376e-10, 1.4064669245718617e-10, 3.6264492576104275e-08, 1.4814022334500198e-05, 1.5436100474813713e-09, 7.3308721585791408e-08, 2.8996960128215338e-09, 0.62371541250454732, 
0.024475731356021733, 13.070228544503049, 5.7389495532554968e-202, 1881.1772869787974, 0.15205795848422338, 0.038895090835704291, 0.026387860307798536, 0.0074178955602039916, 0.022560501061799222, 0.014320460521189071, 0.26610713368423783, 1.3083775168718118e-05, 8.1269906037890107e-07, 2.496833351507193e-08, 1.1491403576010831e-08, 2.8691878691128977e-10, 1.4843217456082042e-10, 3.5453067415913967e-08, 1.5419739435826902e-05, 1.5994953059239163e-09, 7.373967811478258e-08, 2.9329302557364142e-09, 0.62428159119514293, 
0.024538838139127335, 13.229207664646193, 5.7381839494202606e-202, 1907.2198370728411, 0.15023035325645256, 0.038341391043431178, 0.02469837529021927, 0.0070548033132495436, 0.021870620640682736, 0.014458815166785221, 0.26822604552151852, 1.2204674412224158e-05, 7.3169905232319206e-07, 2.2990496005807673e-08, 1.0862935299988438e-08, 3.0273374952859267e-10, 1.631305719607425e-10, 3.3932594574972013e-08, 1.6533823099629022e-05, 1.7034021948891744e-09, 7.45149991797489e-08, 2.9854111402310337e-09, 0.62532033137184662, 
0.02460194492223294, 13.370092747781319, 5.7375094053022858e-202, 1930.4271754638185, 0.14864707867419508, 0.037791716855867657, 0.023217498614009815, 0.0067245125002095363, 0.021250251722233004, 0.014550865866516206, 0.27017377725010644, 1.14474292277114e-05, 6.677166578055341e-07, 2.1441369083246903e-08, 1.0287892500962798e-08, 3.1634635682923832e-10, 1.7698905223048048e-10, 3.2523108089106907e-08, 1.7559505109947415e-05, 1.8006096643802398e-09, 7.5222468770746884e-08, 3.0246280692714069e-09, 0.62626155774665038, 
0.024665051705338545, 13.496119787120195, 5.7367820563212926e-202, 1951.2909064520845, 0.14725878851340635, 0.037249971835380896, 0.021907744175734885, 0.0064232249916796706, 0.020686746762943794, 0.014607126772111765, 0.27197514926648159, 1.0786834057455622e-05, 6.1604521104250211e-07, 2.0227853925942603e-08, 9.7628475179246288e-09, 3.2810915241033798e-10, 1.9008736708237473e-10, 3.1216497304092692e-08, 1.851163997619503e-05, 1.8926987785980064e-09, 7.5880823123288593e-08, 3.0539652878521191e-09, 0.62711997912354023, 
0.024728158488444146, 13.609750949284519, 5.7361598332910522e-202, 1970.1874132945968, 0.1460290897387212, 0.036719239663532625, 0.020740238556521989, 0.0061474859783176503, 0.020171048323650093, 0.014635442824719605, 0.27364901724249574, 1.0204592798950477e-05, 5.735242589040172e-07, 1.9277404146081864e-08, 9.2835873963626054e-09, 3.3831868101271907e-10, 2.0249776291699887e-10, 3.0004015758958729e-08, 1.9402108990193896e-05, 1.9808540718690361e-09, 7.650259458903541e-08, 3.0758818621281003e-09, 0.62790720651956, 
0.024791265271549748, 13.712893451220177, 5.7354091995570717e-202, 1987.4099120639848, 0.14493054068109557, 0.036201618955524179, 0.019692506239003475, 0.0058943073497236525, 0.019696290917076087, 0.014641720155165589, 0.27521039335173009, 9.6870537556798939e-06, 5.379698913197683e-07, 1.8535257989431589e-08, 8.8458838500147507e-09, 3.4722262217469909e-10, 2.1428778407959308e-10, 2.8877304444488214e-08, 2.0240477059886843e-05, 2.0659744875320657e-09, 7.7096413066528039e-08, 3.0921928742811506e-09, 0.62863255845653299, 
0.024854372054655349, 13.807033779636289, 5.7347739611532497e-202, 2003.1883025177224, 0.14394219671971131, 0.035698411302033085, 0.0187468540627844, 0.0056611527797533574, 0.019257132941328494, 0.014630476909903977, 0.27667143832506352, 9.223815602595145e-06, 5.0783504750839363e-07, 1.7959626163491973e-08, 8.4457867415553734e-09, 3.550259166045158e-10, 2.2551792574394879e-10, 2.7828745285155702e-08, 2.1034451844681065e-05, 2.1487467644155088e-09, 7.7668408939920501e-08, 3.1042663095258071e-09, 0.62930362984051436, 
0.024917478837760951, 13.893307790701813, 5.7348158653081284e-202, 2017.6997911661383, 0.14304819820628323, 0.035210311964006868, 0.017889241780125433, 0.0054458988962225556, 0.018849462807132109, 0.014605178414412584, 0.27804196929183095, 8.806916443723472e-06, 4.8200489168230257e-07, 1.7517951578680382e-08, 8.0797380054356001e-09, 3.61893553865609e-10, 2.3623725326548593e-10, 2.68515589620269e-08, 2.1790145243856018e-05, 2.2296917689712415e-09, 7.8223114998678594e-08, 3.1131572688531687e-09, 0.62992672116634685, 
0.024980585620866556, 13.972500913653885, 5.7348511434152023e-202, 2031.0695234471775, 0.14223729030748519, 0.034737573257213473, 0.017108484378879515, 0.0052468204019962142, 0.01847045002212569, 0.014568429769713192, 0.27932952876868178, 8.4304448370721347e-06, 4.5967517640023151e-07, 1.7183796120715057e-08, 7.7446147575563938e-09, 3.6794885099141991e-10, 2.4647540783605874e-10, 2.5939729843775152e-08, 2.2512070065282891e-05, 2.3091940104858315e-09, 7.8764264306284647e-08, 3.1197088448436421e-09, 0.63050717553557922, 
0.025106799187077762, 14.110725010941248, 5.7349075665632807e-202, 2054.5589955553805, 0.1408437322688868, 0.033842156875482386, 0.015753233469029907, 0.0048948022890279589, 0.017797484273438056, 0.01446959544556823, 0.28165938386910994, 7.7867106603425253e-06, 4.2352155327461644e-07, 1.6762846807488208e-08, 7.16147043881243e-09, 3.7790539044942969e-10, 2.6542764761974566e-10, 2.4304758697026358e-08, 2.385784132488983e-05, 2.4639043634161663e-09, 7.9813086213666585e-08, 3.1284698866967855e-09, 0.63155114142693558, 
0.025233012753288965, 14.231555148721188, 5.734948171989518e-202, 2075.1980242329159, 0.13964770781030564, 0.03299984521415672, 0.014592102859929066, 0.0045859808159317283, 0.017197655455298555, 0.014348187955227366, 0.28376428260168651, 7.2403449888413554e-06, 3.9470820873547943e-07, 1.6569867109015618e-08, 6.6625837020511675e-09, 3.8609251922811203e-10, 2.8322876775808754e-10, 2.2853428693816503e-08, 2.5123446042244057e-05, 2.6168623570577361e-09, 8.0836212083207909e-08, 3.1329793844515426e-09, 0.6324790532572756, 
0.025359226319500171, 14.338299795252164, 5.7349771070100282e-202, 2093.5135108774057, 0.13860787311555825, 0.032207690743176837, 0.013586130175101165, 0.0043130276336640332, 0.016658258480866252, 0.014212066896692235, 0.28567868203248581, 6.7708442865856864e-06, 3.7119348069980121e-07, 1.6536247610492719e-08, 6.2337115991255068e-09, 3.9303320185807278e-10, 3.0015769649931009e-10, 2.1557754019405132e-08, 2.6326352037560417e-05, 2.7692613026347783e-09, 8.1841794411470229e-08, 3.1352477836571123e-09, 0.63331054288100119, 
0.025485439885711378, 14.433446035663533, 5.7350687834400132e-202, 2109.9037700358354, 0.13769398313828732, 0.031462521058301274, 0.012706360937260953, 0.0040701604121398229, 0.01616958918856214, 0.01406677252619312, 0.28742959914478838, 6.363149648605846e-06, 3.5162432053928202e-07, 1.6612653876599062e-08, 5.8632343757174088e-09, 3.9910727174701509e-10, 3.1642709749575792e-10, 2.0395079771380339e-08, 2.7479412146898308e-05, 2.9218562213477384e-09, 8.2834562398029199e-08, 3.1365540598376672e-09, 0.63406067006716327, 
0.025611653451922581, 14.518897644502674, 5.7351227893247791e-202, 2124.6750375032798, 0.13688341725254485, 0.030761291401437338, 0.011930895508192004, 0.0038528181551916135, 0.015724101869724044, 0.013916237923031198, 0.28903845478518642, 6.0059914425476227e-06, 3.3507288843716926e-07, 1.6764507597547393e-08, 5.5418225856389673e-09, 4.0459557802036705e-10, 3.3220787943934732e-10, 1.9347089505243638e-08, 2.8592188388760832e-05, 3.0751152754878155e-09, 8.3816854991291263e-08, 3.1377266606082649e-09, 0.63474113468459759, 
0.025737867018133787, 14.596104152337924, 5.735146742667098e-202, 2138.0615943248467, 0.13615921989680679, 0.030101303936130409, 0.011243020585235651, 0.0036574120901621985, 0.015315971603274071, 0.013763328589985777, 0.29052204035208035, 5.6908650523754701e-06, 3.208881758488555e-07, 1.6967092209050996e-08, 5.2620059223991374e-09, 4.0970310874208973e-10, 3.4763119763736371e-10, 1.839907342846103e-08, 2.9671785522571649e-05, 3.2292885599616402e-09, 8.4789236156203253e-08, 3.1393270779702522e-09, 0.63536110676102309, 
0.025864080584344994, 14.666052861458967, 5.7351475570525008e-202, 2150.2258651483107, 0.1355096810312108, 0.029480313136714391, 0.010630092305067061, 0.0034812086975926069, 0.014941216058992702, 0.013610176253735321, 0.29189253095733741, 5.4115758956082996e-06, 3.0861642028470382e-07, 1.7201238070898642e-08, 5.0178431411508643e-09, 4.1455980927994217e-10, 3.6276840111380266e-10, 1.7539471925886778e-08, 3.0723166955594854e-05, 3.384425780899637e-09, 8.5750779432950492e-08, 3.1418049970267179e-09, 0.63592788641839748, 
0.026116507716767406, 14.784796592751652, 5.7349997865164153e-202, 2171.0143128442528, 0.13442110120389819, 0.028355096586596847, 0.0096023822911038038, 0.0031820594085767186, 0.014292764267578214, 0.013312933241762961, 0.29429886973312258, 4.9492918129342237e-06, 2.8885378130068028e-07, 1.7696717772760706e-08, 4.622357025891508e-09, 4.2362141839396784e-10, 3.9186705527678029e-10, 1.6064858060584216e-08, 3.2742490916793733e-05, 3.6953411525423613e-09, 8.7626036912888983e-08, 3.1518019500826469e-09, 0.63691778016214651, 
0.026368934849189816, 14.88643658646766, 5.7347611029905761e-202, 2188.8876985454472, 0.13350310766624612, 0.027337980978404446, 0.0087489095657834002, 0.0029292787004155988, 0.013726439190827536, 0.013023632882679801, 0.29641865395566769, 4.5682599610301415e-06, 2.730044217086218e-07, 1.8211650580452738e-08, 4.3094465348172826e-09, 4.3270523604328265e-10, 4.2093165443925844e-10, 1.4809423899978925e-08, 3.4696146953217303e-05, 4.0118866967215102e-09, 8.9471152769816355e-08, 3.1645921295917581e-09, 0.63777543248309609, 
0.026621361981612225, 14.97452212374322, 5.734417229353034e-202, 2204.4367130838582, 0.13271761028272994, 0.026414588351476285, 0.0080301466883866135, 0.0027132835868356919, 0.013226638977262692, 0.012745648632353817, 0.29830219951726678, 4.249392391990475e-06, 2.5999013163314287e-07, 1.8715681117239698e-08, 4.0595264970945737e-09, 4.4211263004883335e-10, 4.5034067583758973e-10, 1.3729927472325747e-08, 3.659689258331033e-05, 4.3336979770216189e-09, 9.1285282710791394e-08, 3.1802872182130554e-09, 0.63852625177445477, 
0.026873789114034638, 15.051659716501694, 5.7340455548218396e-202, 2218.0972372446913, 0.13203728723014185, 0.02557327391974579, 0.0074177244905158446, 0.0025269266202523504, 0.012781749243733362, 0.012480644858192703, 0.29998778783817176, 3.9791066331421774e-06, 2.491004847112131e-07, 1.9192204488850632e-08, 3.858168601965533e-09, 4.5196856588182391e-10, 4.8029026791379649e-10, 1.2793758137744603e-08, 3.8453128296472282e-05, 4.6600767280459347e-09, 9.3063008646073289e-08, 3.1987029533634903e-09, 0.6391890739957955, 
0.027126216246457051, 15.119800073848806, 5.7335089499744402e-202, 2230.1960045739365, 0.13144208719002737, 0.024804822102696186, 0.0068909777848871652, 0.0023648568385460978, 0.012382921925231999, 0.012229398592009329, 0.30150472223790831, 3.7475495219940691e-06, 2.3985075637777718e-07, 1.9633433341015597e-08, 3.6947807435433621e-09, 4.6231024199683293e-10, 5.1087632097303369e-10, 1.1976263351516109e-08, 4.0270501023680015e-05, 4.9901188949817742e-09, 9.4797417613812023e-08, 3.2195839467289773e-09, 0.6397779033326344, 
0.02737864337887946, 15.180320449794399, 5.7329813976513042e-202, 2240.9644484508376, 0.1309179243634426, 0.024102653999591193, 0.0064350495235868006, 0.0022231720095687553, 0.01202384962351361, 0.011992455749762173, 0.30287393677467001, 3.547696263099271e-06, 2.3191035717526458e-07, 2.0035689745866113e-08, 3.5616047289714956e-09, 4.7309911908902512e-10, 5.4206480846095345e-10, 1.1259322003941426e-08, 4.2052387889824301e-05, 5.3225799093130081e-09, 9.6478970435681703e-08, 3.2427674386826894e-09, 0.64030290940869916, 
0.027883497643724282, 15.27916959503322, 5.7319304089360385e-202, 2258.6595970443063, 0.13007072140652964, 0.022893421131322245, 0.0057066831728774603, 0.0019947132789794081, 0.011425815905957686, 0.011571519021478672, 0.30517752889514227, 3.2311858526856397e-06, 2.1938284839799289e-07, 2.069453830437672e-08, 3.3666905534945674e-09, 4.9496986751311131e-10, 6.0408877330257663e-10, 1.009477714253067e-08, 4.5497617442863224e-05, 5.9832789350283694e-09, 9.9600904435067914e-08, 3.2977101260266356e-09, 0.64118122627114016, 
0.028388351908569105, 15.361081282494419, 5.8208982687303002e-202, 2273.3754772832608, 0.12937693953228924, 0.021847891582950679, 0.0051270594881365067, 0.0018104362069541967, 0.010920359536684261, 0.011193491021573373, 0.30713352640923047, 2.9801152624454366e-06, 2.094504743002121e-07, 2.1225698181285132e-08, 3.2284187334879099e-09, 5.1785765551138643e-10, 6.6825613668484342e-10, 9.1513184890477525e-09, 4.8836983817328451e-05, 6.648767956487385e-09, 1.0252474493057926e-07, 3.3557223190502685e-09, 0.64191506188413194, 
0.028893206173413927, 15.429952396898654, 5.9509085389080561e-202, 2285.7858505609311, 0.1287993061194207, 0.020936895887638574, 0.0046573848377714196, 0.0016594583516509819, 0.010487882650260039, 0.010854425128055709, 0.30881248441989423, 2.7769337819898436e-06, 2.0139178577928894e-07, 2.1647709946367194e-08, 3.1285999565114993e-09, 5.4138268473230296e-10, 7.3420679489636821e-10, 8.3755872010671845e-09, 5.2079978443854869e-05, 7.3145542363084302e-09, 1.0524717662432539e-07, 3.4157850023138528e-09, 0.64253626001571496, 
0.029398060438258745, 15.488552062090182, 6.0880342025808758e-202, 2296.3723628784101, 0.12831186310156339, 0.020137977727723438, 0.0042710089028262571, 0.0015340988160647802, 0.010114204915596375, 0.01055017991282956, 0.31026654025595257, 2.6097478314290863e-06, 1.9473207108945085e-07, 2.1979267348839809e-08, 3.0553196266228639e-09, 5.6513825271840204e-10, 8.0134042920814806e-10, 7.729659612445701e-09, 5.523426340052268e-05, 7.9768497439143976e-09, 1.0776549347684658e-07, 3.4771427335574795e-09, 0.6430677973754928, 
0.029902914703103568, 15.538907146151468, 6.2167002504628573e-202, 2305.4893757931704, 0.12789593492311718, 0.019433448055011387, 0.0039490827678166588, 0.0014288186540973241, 0.0097886971407593684, 0.010276865509148679, 0.31153525629741424, 2.4702402841789223e-06, 1.8914560920252428e-07, 2.2237363594853914e-08, 3.0006917465055971e-09, 5.8878700655693609e-10, 8.6904800945819312e-10, 7.1859644520090199e-09, 5.8306526905817535e-05, 8.6326724224445683e-09, 1.1008212925528036e-07, 3.5392845790257805e-09, 0.64352670952701208, 
0.03040776896794839, 15.582538927892028, 2.9456285983638514e-201, 2313.4040124666526, 0.12753771279553336, 0.018809177218897473, 0.003677928028412113, 0.0013395325497041635, 0.0095032000043177023, 0.010030976294400045, 0.31264927631865597, 2.3524359906177793e-06, 1.844010936616338e-07, 2.2436577489200678e-08, 2.9594085894827623e-09, 6.1206703385685548e-10, 9.3676361720351925e-10, 6.7240280762431034e-09, 6.1302859895142033e-05, 9.2797657438846206e-09, 1.1220368145348892e-07, 3.6018851102326514e-09, 0.64392591113445596, 
0.030912623232793209, 15.620614688696064, 6.1892265301666298e-201, 2320.3218312180834, 0.12722674033460554, 0.018253787541932156, 0.0034474097151473634, 0.001263169692469597, 0.0092513240901851198, 0.0098094214254229213, 0.31363272189067604, 2.2519435737351754e-06, 1.803296534669656e-07, 2.2589085797650465e-08, 2.9278498425419025e-09, 6.3478504360386677e-10, 1.0039857424688124e-09, 6.3283850877156019e-09, 6.4228919414988813e-05, 9.9164796814186332e-09, 1.1413943825143325e-07, 3.6647562991176218e-09, 0.64427534324675895, 
0.031417477497638027, 15.654047172543093, 1.1309278658609291e-200, 2326.4033431103921, 0.12695493697091667, 0.017758229073188209, 0.003249935376769506, 0.0011973969060806514, 0.0090279884134664319, 0.0096095543909044904, 0.31450467324956993, 2.1654843593369323e-06, 1.7680567030792035e-07, 2.2705038146561766e-08, 2.9035435058867706e-09, 6.5680687377582063e-10, 1.0702799033078735e-09, 5.9872710799464202e-09, 6.7089966115369177e-05, 1.0541582635461839e-08, 1.1589969534657783e-07, 3.7278287522424126e-09, 0.64458262684182954, 
0.031922331762482853, 15.683527597756784, 1.6663648057793487e-200, 2331.7688220852397, 0.12671622429311311, 0.017316057157369225, 0.0030799986371459827, 0.0011404987705247048, 0.0088293222262573155, 0.0094293973751083619, 0.315279229447541, 2.0906702115505132e-06, 1.73738069231119e-07, 2.2793018012618329e-08, 2.8848681108943479e-09, 6.7802547013440089e-10, 1.1351942899306977e-09, 5.6920931531852919e-09, 6.9890268872419307e-05, 1.1153741802869525e-08, 1.1749241710017809e-07, 3.791199174104979e-09, 0.64485317608834314, 
0.032932040292172497, 15.7306538994718, 1.8889770826167095e-200, 2340.3772938021666, 0.12633648448904228, 0.016589100482783194, 0.0028139540633301844, 0.0010510652208063291, 0.0085075068386647277, 0.0091310517255459873, 0.31653804255108292, 1.9730643828379959e-06, 1.6887517910482977e-07, 2.2904417389730244e-08, 2.8605830646160376e-09, 7.1642139980338705e-10, 1.2551379694297842e-09, 5.2267343530639307e-09, 7.5288037779860947e-05, 1.2322253443424238e-08, 1.2013665725695378e-07, 3.9208124670574914e-09, 0.64529167979742752, 
0.033941748821862142, 15.768735131936287, 1.9240763814479934e-200, 2347.3450933983208, 0.12603128680172704, 0.015989662142539687, 0.0026060043608368698, 0.0009806926470986156, 0.0082440202317348513, 0.0088821514314203591, 0.31756789954904613, 1.8802334694036175e-06, 1.6499539658567652e-07, 2.2965956945515233e-08, 2.8457487354181103e-09, 7.5161097539172353e-10, 1.3681502828896385e-09, 4.860261320474137e-09, 8.0510609804929886e-05, 1.3447697302044433e-08, 1.2232671513318109e-07, 4.0499561622177653e-09, 0.64564684118255566, 
0.034951457351551786, 15.799815973051599, 1.9272058544515042e-200, 2353.0393406236753, 0.12578328330313995, 0.015492352268752663, 0.002441094473787694, 0.00092458079478067317, 0.0080264476835932991, 0.0086738157639343529, 0.31841694459935682, 1.8058683106219293e-06, 1.6185577337837694e-07, 2.2999008135692801e-08, 2.8373708624559094e-09, 7.8372748074870235e-10, 1.4736345515437738e-09, 4.5678881202115187e-09, 8.5582859527816971e-05, 1.4531709070997123e-08, 1.2413724382626683e-07, 4.179130271986133e-09, 0.6459370383224704, 
0.03596116588124143, 15.825380005027283, 1.9270989285964432e-200, 2357.725520737722, 0.12558003035745666, 0.015078645764618754, 0.002308964484524115, 0.00087939854948750399, 0.0078456550673025507, 0.0084991356170337155, 0.31912036978550556, 1.745649117662934e-06, 1.5928915597480127e-07, 2.301797672950837e-08, 2.833774909595349e-09, 8.1295091143708506e-10, 1.5712151280798353e-09, 4.3324959673077977e-09, 9.0525805667172142e-05, 1.5576552055552504e-08, 1.2562987630844831e-07, 4.3088486362638988e-09, 0.64617522190389631, 
0.037980582940620719, 15.86163051345239, 1.9271325933387741e-200, 2364.3911680863039, 0.12529293610169423, 0.014478342870307614, 0.0021255857212117181, 0.0008164415993185684, 0.0075853814985751876, 0.0082442800120444571, 0.32013196658165244, 1.6611566223049226e-06, 1.5564369513090727e-07, 2.3053553435767861e-08, 2.8387242790863628e-09, 8.6142944889644813e-10, 1.7340771727111807e-09, 4.004018218346645e-09, 0.00010002691430714326, 1.753339699250615e-08, 1.277513934102628e-07, 4.5747671402213577e-09, 0.64651597565090524, 
0.040000000000000001, 15.887691064998288, 1.927181379697646e-200, 2369.1885892365376, 0.12508735391684114, 0.014040443875405437, 0.0019975865387416199, 0.00077222913325110951, 0.0073953502471875345, 0.0080566846895574092, 0.32086624349479054, 1.6012166855715951e-06, 1.5302042692134041e-07, 2.3095311896122552e-08, 2.851610421496637e-09, 9.0252112580401185e-10, 1.8728343555027927e-09, 3.7735159137269522e-09, 0.00010923716597089414, 1.9395262077504094e-08, 1.2925307011553189e-07, 4.8425602129636096e-09, 0.64676028463129687, 
0.043749999999999997, 15.916231391149134, 1.9286430503595382e-200, 2374.4573768177356, 0.12486298368932999, 0.013551189937606602, 0.0018602048621677572, 0.00072448883072015512, 0.0071821977716725076, 0.0078451379409510379, 0.3216814389298564, 1.535715489679905e-06, 1.5010631787882606e-07, 2.324051454836642e-08, 2.8929594182360334e-09, 9.6177643850996174e-10, 2.0663486381198596e-09, 3.5249182929328577e-09, 0.00012570822988259531, 2.2623294150537559e-08, 1.3085976401262128e-07, 5.3534567780142243e-09, 0.64702775615230301, 
0.047500000000000001, 15.933304831842326, 1.9301341469127827e-200, 2377.6146416948777, 0.12472914577207567, 0.013254670266379756, 0.0017795424334436588, 0.00069622281270991545, 0.0070507838929073467, 0.0077150694912665584, 0.32217444671766599, 1.4963697626703609e-06, 1.4832411297627737e-07, 2.343823538902693e-08, 2.9444513857689293e-09, 1.0103481960554048e-09, 2.2180847885358071e-09, 3.3783605209123998e-09, 0.00014177430407458791, 2.5710344516677376e-08, 1.3178444242542815e-07, 5.870641562211961e-09, 0.64718564903276765, 
0.051250000000000004, 15.943588533740003, 1.933838489513903e-200, 2379.5201217461536, 0.1246486710818127, 0.013074268225638196, 0.0017312267480765163, 0.00067912118685921731, 0.0069683551364679843, 0.0076343916178994225, 0.3224746911069703, 1.4722192339965835e-06, 1.4721124014663033e-07, 2.3679050926360858e-08, 3.0028045864642438e-09, 1.05207933990218e-09, 2.3410147236676443e-09, 3.2903365645336955e-09, 0.00015757405871613287, 2.8700471801843677e-08, 1.3231890264297649e-07, 6.3942181525300809e-09, 0.64727855171001936, 
0.055000000000000007, 15.949786634423976, 1.9373581393164641e-200, 2380.6718011268099, 0.1246002183992054, 0.012964497626796283, 0.0017019136408594974, 0.00066859772881389839, 0.0069156395519861177, 0.007583844633005596, 0.32265819337356227, 1.4571103176327957e-06, 1.4650162922356987e-07, 2.3950708362564456e-08, 3.0657485730924037e-09, 1.0894757194515654e-09, 2.4447704625298434e-09, 3.2368219170604101e-09, 0.00017319307966712487, 3.1623393144763239e-08, 1.326259213804464e-07, 6.9230285316149532e-09, 0.64733231179349426, 
0.058750000000000004, 15.953501675964937, 1.9382585249981208e-200, 2381.3651375902145, 0.1245711947572168, 0.012897943096663023, 0.001683976630712829, 0.00066201928690401987, 0.0068810790101193594, 0.0075517641220697179, 0.32277045819504813, 1.4474607275277893e-06, 1.4603759570602852e-07, 2.4243022941752848e-08, 3.1317074432651064e-09, 1.1241368382534321e-09, 2.5360280443174224e-09, 3.2040118095892374e-09, 0.00018868413215486333, 3.4498763606614699e-08, 1.327982625455215e-07, 7.4556432636141954e-09, 0.64736227303642835, 
0.0625, 15.95569829128487, 1.9388695726783919e-200, 2381.7781051139891, 0.12455404017606703, 0.012857927222473718, 0.0016729315447293401, 0.00065783338958535478, 0.006857662902504085, 0.0075310363642954355, 0.32283904792883034, 1.4411374956943684e-06, 1.4572407535727757e-07, 2.4548562575488809e-08, 3.199599265357514e-09, 1.15706781109001e-09, 2.6192259789364266e-09, 3.1837618754128896e-09, 0.00020407969317314664, 3.7339508238385939e-08, 1.3288999405766804e-07, 7.99074595989572e-09, 0.64737768116437189, 
0.066250000000000003, 15.956962841455658, 1.9390541346809452e-200, 2382.0189342650015, 0.12454416681753036, 0.012834245621276028, 0.0016660930840067647, 0.0006551088741811082, 0.006841109163828611, 0.0075173026734964947, 0.32288078172865314, 1.4368526856644259e-06, 1.45503178594466e-07, 2.4862203148810659e-08, 3.2686894795619603e-09, 1.188894810626538e-09, 2.6972461115820704e-09, 3.1711846476272415e-09, 0.00021939968799772322, 4.0154113978235211e-08, 1.3293320906670806e-07, 8.5272542044428392e-09, 0.64738416000790044, 
0.070000000000000007, 15.957653940414094, 1.939190660099231e-200, 2382.1538382011258, 0.12453877162504925, 0.012820630876768468, 0.0016618341683249447, 0.00065328105065648814, 0.0068287909296080584, 0.0075078840680893322, 0.32290597170947194, 1.4338217637801366e-06, 1.4533943993811353e-07, 2.5180512163173991e-08, 3.3384836699935416e-09, 1.2200059766949776e-09, 2.7719337073523493e-09, 3.1633148297057426e-09, 0.00023465627863508351, 4.2948147806608259e-08, 1.3294721311972034e-07, 9.0643296500757029e-09, 0.64738515112330097, 
0.07362500000000001, 15.957987643891803, 1.9394315615957583e-200, 2382.2224622851863, 0.12453616682666831, 0.012813351197120404, 0.0016592197260442731, 0.00065203675626667932, 0.0068193626742577207, 0.0075013032820600975, 0.32292066116806173, 1.4316241070275886e-06, 1.4521462570771851e-07, 2.5490492998796932e-08, 3.406306021858744e-09, 1.2496306507695796e-09, 2.8420902413681322e-09, 3.158450206224049e-09, 0.00024935176362210124, 4.5633118966361937e-08, 1.3294417997663366e-07, 9.5834580921438729e-09, 0.64738291228610712, 
0.077250000000000013, 15.958112583062892, 1.9396602986093099e-200, 2382.252508392467, 0.1245351918347162, 0.012809745032278422, 0.0016575425708324767, 0.00065111884157486991, 0.0068114908514980525, 0.0074963026571635673, 0.32292931334852254, 1.4298848148768553e-06, 1.4511081763118633e-07, 2.5801409343425259e-08, 3.4742823690028517e-09, 1.2789429310222773e-09, 2.9108882487606211e-09, 3.1552970097911834e-09, 0.00026399874977639021, 4.8304365199499275e-08, 1.3293120486457655e-07, 1.0102128937350105e-08, 0.64737868499420226, 
0.080875000000000002, 15.958107165748942, 1.9399350424227878e-200, 2382.2584569793271, 0.12453523450273624, 0.012808435572281427, 0.0016564512726511553, 0.00065040526903056286, 0.0068045990328407758, 0.007492293206844562, 0.32293418913859151, 1.4284332465594787e-06, 1.4502023426198264e-07, 2.6112363757980713e-08, 3.5422762508266317e-09, 1.308028167704457e-09, 2.9787643209659558e-09, 3.1532137687804634e-09, 0.00027859960864634646, 5.0963320905289485e-08, 1.3291240057780333e-07, 1.0620034892985397e-08, 0.64737322185523027, 
0.084500000000000006, 15.958020400223372, 1.9401691926784261e-200, 2382.2493593522786, 0.12453591225329812, 0.012808561710417833, 0.0016557264968540815, 0.00064981988519399107, 0.0067983268111634311, 0.0074889065801689017, 0.32293670217275722, 1.4271628156050756e-06, 1.4493800774960904e-07, 2.6422769787002717e-08, 3.6101964992041715e-09, 1.3369394154590634e-09, 3.0459957332118325e-09, 3.151800060260356e-09, 0.00029315566074905543, 5.3610912719405736e-08, 1.3289032534849967e-07, 1.1136955229448242e-08, 0.64736699337597725, 
0.088125000000000009, 15.957882939462188, 1.9404020234490095e-200, 2382.2308769708725, 0.12453698580788228, 0.012809584631967928, 0.0016552311917003447, 0.00064931511759282353, 0.0067924487582335779, 0.0074859123301397783, 0.3229377368041812, 1.4260068912677451e-06, 1.4486109140265522e-07, 2.6732245184685604e-08, 3.6779822480153762e-09, 1.3657095258372549e-09, 3.1127580622669128e-09, 3.1508056554845276e-09, 0.00030766756822523436, 5.6247730122053922e-08, 1.3286657184332893e-07, 1.1652731719052759e-08, 0.64736029392344208, 
0.091749999999999998, 15.957713963030166, 1.940587217726113e-200, 2382.2065526829592, 0.12453830544829729, 0.012811166972384061, 0.0016548796413095462, 0.00064886122755654645, 0.0067868238925476746, 0.0074831662534401008, 0.32293784649732693, 1.4249238049746428e-06, 1.447875782479746e-07, 2.704054021897765e-08, 3.7455925970674843e-09, 1.3943586320664204e-09, 3.1791619039371715e-09, 3.1500740467919435e-09, 0.00032213553909498169, 5.8874131913927487e-08, 1.3284213203033635e-07, 1.2167248952460391e-08, 0.64735330787171663, 
0.095375000000000001, 15.95752547131309, 1.940649103263706e-200, 2382.1786115909204, 0.1245397774465334, 0.012813094659813829, 0.001654617958865974, 0.00064843970627590387, 0.0067813663530150673, 0.007480578665415921, 0.32293737795691102, 1.4238878377558611e-06, 1.4471629923620036e-07, 2.7347417069979133e-08, 3.8129834201155664e-09, 1.4228919121477272e-09, 3.2452602821911618e-09, 3.1495068479901087e-09, 0.00033655608883394753, 6.1489714251116786e-08, 1.328176424797766e-07, 1.2680299149410077e-08, 0.64734615404101603, 
0.099000000000000005, 15.957328321223757, 1.9404291751727836e-200, 2382.1491155211802, 0.12454131588713147, 0.012815145122457596, 0.0016544110126770881, 0.00064804726231528214, 0.006776151999443588, 0.0074781451786246466, 0.32293656133600518, 1.4229057111176737e-06, 1.44648119283688e-07, 2.7646903527074508e-08, 3.8788387966011954e-09, 1.4507632267769242e-09, 3.3098102300640533e-09, 3.1490414634384955e-09, 0.00035065372532937033, 6.4044924887734367e-08, 1.3279432106205304e-07, 1.3181996028219361e-08, 0.64733906735271762, 
0.10000000000000001, 15.957327844388491, 0.0, 2382.1491155211802, 0.12454131561343154, 0.012815147487825522, 0.0016544110087129971, 0.00064804726076251305, 0.0067761519832074263, 0.007478145160706458, 0.32293656056222531, 1.4229057077082864e-06, 1.4464811893710041e-07, 2.764690346083048e-08, 3.8788387873072107e-09, 1.4507632233007881e-09, 3.309810222133503e-09, 3.1490414558931591e-09, 0.0003506537244891781, 6.404492473427799e-08, 1.32794320743868e-07, 1.3181995996634323e-08, 0.64733906580164535, 
